Aboyne Bridge,AB1,A,Road Br over R Dee,450,57 04.213N 002 47.239W,
Abbot's Bromley,ABB,A,Reservoir/B5013 E,328,52 48.780N 001 54.594W,
Aboyne Dinnet,ABD,A,B9119/River Bridge,492,57 04.301N 002 53.397W,
Abergavenny,ABE,A,A465/A40 R'bt,230,51 48.575N 003 00.587W,
Aberfeldy,ABF,A,B846/River Tay,197,56 37.270N 003 52.428W,
Abingdon Airfield,ABG,A#,Main Runway Intersection,240,51 41.450N 001 19.000W,122.100
Abington,ABI,A,M74/A702/A73,853,55 30.206N 003 41.746W,
Aberfoyle,ABL,A,A821/B829,66,56 10.717N 004 23.070W,
Abingdon Bridge,ABN,A,A415 br over River Thames,164,51 40.120N 001 16.766W,
Aboyne,ABO,C#,Clubhouse,460,57 04.515N 002 50.571W,130.105
Aberchirder,ABR,B,A97/B9023,394,57 33.512N 002 37.802W,
Abergavenny SW,ABS,A,1833ft Trig point,1833,51 48.025N 003 03.621W,
Aberystwyth Pier,ABY,B,Sea end,15,52 24.980N 004 05.291W,
Alconbury,ACB,A,A1/A14,160,52 22.720N 000 15.325W,
Accrington NE,ACC,A#,M65 J8 with A56,395,53 46.883N 002 19.748W,
Achnasheen,ACH,A,A832/A890,510,57 34.694N 005 04.810W,
Achnabourin,ACN,B,A836/B871,115,58 29.280N 004 12.768W,
Aston Down Finish N,AD1,D#,Centre of finish line,600,51 42.866N 002 07.466W,
Aston Down Finish S,AD2,D#,Centre of finish line,600,51 42.016N 002 08.300W,
Aberdare SE,ADE,B,Bridge,394,51 42.023N 003 24.943W,
Andoversford,ADF,A,A436/A40,541,51 52.547N 001 57.853W,
Aberdaron,ADN,A#,River bridge,33,52 48.273N 004 42.722W,
Alfriston Bridge,AFB,C,River Bridge,30,50 48.698N 000 09.734E,
Alford,AFD,A,A944/A980,492,57 14.272N 002 43.527W,
Abergele South,AGS,A,A548/B5381,509,53 15.124N 003 35.765W,
Altnaharra,AHA,A,A836 river br,255,58 17.210N 004 26.578W,
Alnwick E,AKE,A,A1/A1068,134,55 24.396N 001 40.869W,
Aln Bridge,ALB,A,A697/River Aln,195,55 24.323N 001 51.793W,
Alcester,ALC,A,River/A46,148,52 12.438N 001 52.640W,
Aylesham,ALE,C,Station,272,51 13.686N 001 12.544E,
Alfreton,ALF,A,M1 J28/A38,253,53 06.072N 001 19.466W,
Allendale Bridge,ALL,A,River Bridge,709,54 53.796N 002 15.521W,
Alnwick Moor SW,ALM,A,A697/B6341,653,55 20.991N 001 50.779W,
Alston,ALO,A,A689 Br over R South Tyne,885,54 48.576N 002 26.547W,
Aberlour,ALR,B,Spey Bridge,335,57 28.222N 003 13.915W,
Alfreton South,ALS,A,A38/A610,236,53 03.475N 001 25.048W,
Alva,ALV,C,A91/B908,102,56 09.166N 003 47.916W,
Alton Southwest,ALW,A,A31/A32 r'bt,551,51 07.931N 000 59.689W,
Alyth,ALY,A,A926/B954,295,56 36.992N 003 12.707W,
Amberley,AMB,A,Rail/B2139,151,50 53.816N 000 32.538W,
Ambleside,AMS,A,A593 Bridge,135,54 25.594N 002 58.150W,
Amulree,AMU,A,A822/River Br,883,56 30.612N 003 47.301W,
Andover SW,AND,A,A303/A343,249,51 12.066N 001 30.439W,
Andover SE,ANE,A,A303/Andover bypass E,410,51 12.029N 001 27.004W,
Ansty Cross,ANX,D,Crossroads,530,50 49.900N 002 19.725W,
Appleby,APP,A,Rail/A66,525,54 35.272N 002 29.940W,
Ardvasar,ARD,B#,Pier sea end,10,57 03.883N 005 53.615W,
Ardrishaig Lighthouse,ARL,A,Lighthouse,10,56 00.738N 005 26.646W,
Arundel,ARU,B,Castle Keep,125,50 51.413N 000 33.303W,
Ashbury,ASB,C,B4000/B4507,374,51 33.833N 001 37.094W,
Ashford East,ASE,A,M20 J10/A20,400,51 08.229N 000 54.640E,
Ashbourne,ASH,C,A/F SE end R/W 32,574,53 00.021N 001 41.822W,
Aspatria,ASP,A,Rail Station,164,54 45.549N 003 19.904W,
Ashford South,ASS,A,A2070/Rail Bridge,315,51 04.092N 000 51.279E,
Aston Down,AST,C#,R/Ws 26/20,600,51 42.358N 002 07.916W,129.980
Airdrie Southwest,ASW,A#,A725 bridge over A8,151,55 50.472N 004 01.473W,
Ashley,ASY,C,A53/B502,640,52 55.183N 002 23.440W,
Atherstone,ATH,A,A5/Rail Bridge,318,52 34.821N 001 33.239W,
Attleborough,ATT,A#,A11 Br over B1077,164,52 31.279N 001 00.638E,
Alton Towers,ATW,C,River/Road Bridge,217,52 58.833N 001 53.671W,
Auldgirth,AUL,A,Bridge,115,55 09.549N 003 42.466W,
Avebury,AVE,A,A4/A361R'bout,335,51 25.159N 001 52.482W,
Avening,AVN,A,Cross-Roads,383,51 40.807N 002 10.133W,
Axminster,AXM,B,Station/Road Br,236,50 46.791N 003 00.268W,
Aylesbury,AYL,A,A41/Rail Bridge,289,51 49.990N 000 51.774W,
Aysgarth,AYS,A,A684/B6160,492,54 17.723N 001 57.555W,
Banbury W,BA1,B,A422 T junct,529,52 04.417N 001 23.665W,
Banbury N,BA2,C,M40 bridge,360,52 07.262N 001 22.687W,
Balallan,BAA,A,T-Junction,15,58 05.180N 006 38.180W,
Ballachulish Bridge,BAB,A,A82 Bridge over A828,10,56 41.283N 005 10.928W,
Backwater Reservoir,BAC,B,Tower in water near Dam Wall,984,56 43.018N 003 13.312W,
Badminton,BAD,C#,Church Tower,400,51 32.636N 002 16.826W,
Bath East,BAE,C#!,Road/Rail Bridge,79,51 23.868N 002 19.385W,
Balfron,BAF,C,A811/A81,46,56 05.024N 004 22.149W,
Bangor-on-Dee,BAG,C,A525/River Bridge,121,53 00.050N 002 54.687W,
Barrhill,BAH,A,A714/River Br,20,55 06.094N 004 45.806W,
Bakewell,BAK,A,Bridge,394,53 12.879N 001 40.376W,
Bala,BAL,A,A494/River Bridge,548,52 54.780N 003 35.622W,
Bampton,BAM,A,River bridge,360,50 59.356N 003 29.061W,
Banbury,BAN,A,M40 J11/A422,308,52 04.355N 001 18.784W,
Barnard Castle,BAR,B,River/A67 Bridge,492,54 32.555N 001 55.676W,
Basingstoke,BAS,A,M3 Junction 6,351,51 15.482N 001 03.893W,
Bath Racecourse SW,BAT,D#!,View Point,705,51 24.781N 002 24.840W,
Banchory West,BAW,D#,Spiral Filter at Water Works,262,57 03.495N 002 33.385W,
Boat O'Brig,BBG,A,Spey Rail Bridge,164,57 33.065N 003 08.444W,
Bracken Bank,BBK,D#,Centre of grass runway,560,54 44.867N 002 43.577W,
Bath Bridge,BBR,B#!,E/W Bridge over R Avon 300m N of station,105,51 22.854N 002 21.327W,
Bishop's Caundle,BCA,A,Bridge,203,50 54.747N 002 25.027W,
Banchory East,BCE,C#,Road T junction,165,57 03.201N 002 27.337W,
Bishop's Cleeve NW,BCL,D,Road Bridge over minor Railway,255,51 58.103N 002 02.006W,
Brechin,BCN,A,A933/River Br,164,56 43.412N 002 38.872W,
Bishops Castle,BCS,B,A488/B4385,571,52 29.307N 002 59.660W,
Bishops Cleeve W,BCW,C,Bridge,108,51 57.016N 002 05.933W,
Banchory,BCY,A#,B974/River Dee Bridge,262,57 02.841N 002 30.042W,
Bodmin SE,BDM,A,A38 bridge over A30,295,50 27.579N 004 41.609W,
Beadnell Harbour,BDN,B,Pier,20,55 32.996N 001 37.604W,
Balado,BDO,C#!,Golfball aerial,328,56 12.581N 003 27.702W,118.605
Bodelwyddan,BDW,C,Crossroads,335,53 15.168N 003 30.739W,
Bardney,BDY,A,B1190/river bridge,52,53 12.475N 000 20.196W,
Beal,BE2,A,Level Crossing,16,55 40.656N 001 54.205W,
Beaminster,BEA,C,A3066/B3163,223,50 48.453N 002 44.278W,
Beckington,BEC,A,A36/A361 Roundabout,255,51 16.234N 002 17.087W,
Bedford Bridge,BED,C,River/Rail Br,98,52 07.785N 000 28.645W,
Beer Head W,BEE,C#,Bungalow,440,50 41.278N 003 06.386W,
Bellingham,BEL,C,A6320/River Bridge,387,55 08.584N 002 15.718W,
Bembridge,BEM,B##,E end of only runway,52,50 40.574N 001 06.262W,123.255
Bentpath,BEN,A,R Esk bridge,420,55 12.102N 003 05.006W,
Berwick W,BER,A,A1/A698,50,55 45.397N 002 02.481W,
St Bees Head,BES,A,Lighthouse,322,54 30.817N 003 38.203W,
Beattock,BET,A,A74/Rail,328,55 17.739N 003 26.658W,
Beulah,BEU,C,A483/B4358,486,52 08.928N 003 34.686W,
Beverley,BEV,A,A1079/A1035,66,53 50.575N 000 28.642W,
Bewl Water,BEW,A#,Tower near Dam wall,226,51 04.627N 000 23.873E,
Booker Finish SW,BF1,B##,Windsock,489,51 36.372N 000 48.534W,
Booker Finish NW,BF2,D##,West of Runway 06/24,515,51 36.678N 000 48.762W,
Belford,BFD,A,A1/B1342,138,55 35.704N 001 48.853W,
Banff,BFF,B,A98/River Br,33,57 39.774N 002 30.781W,
Biggar,BGA,A,A72/A702,659,55 36.871N 003 32.323W,
Brigg,BGG,A,M180/Dyke,49,53 33.487N 000 30.226W,
Bangor SE,BGO,A,A55/A5,125,53 12.291N 004 06.394W,
Blairgowrie,BGR,C,A93/River Bridge,230,56 35.520N 003 20.086W,
Bedlands Gate,BGT,D#,"Centre of field, Microlight site",827,54 34.233N 002 40.233W,
Basingstoke West,BGW,A,B3400/Rail bridge,377,51 15.322N 001 11.445W,
Bath North,BHN,A#!,A46/A420,679,51 27.205N 002 22.155W,
Bicester Control Tower,BIC,A#,Control Tower,267,51 54.936N 001 08.198W,135.480
Bidford,BID,D#,Hangar,121,52 08.428N 001 50.853W,118.685
Bicester East,BIE,A,Rail br over A41,400,51 52.624N 001 05.601W,
Broughton-in-Furness,BIF,A,A595/A593,120,54 16.656N 003 12.702W,
Biggleswade,BIG,A#!,A1/Rail Bridge,98,52 04.639N 000 15.663W,
Billinghay,BIL,C,A153/B1189,105,53 04.697N 000 16.430W,
Biddenden,BIN,C,A262/A274,171,51 06.883N 000 38.608E,
Birdlip,BIR,A,A417/A436/B4070,751,51 50.624N 002 05.720W,
Bishop Auckland,BIS,A,River Wear/A689,89,54 40.027N 001 41.002W,
Bockleton,BKN,D,Church Tower,719,52 14.970N 002 35.862W,
Brinkley Church,BKY,D#,Church tower,360,52 10.061N 000 22.872E,
Blakehill Farm,BLA,A,Concrete Plinth,310,51 37.331N 001 53.350W,
Blandford,BLD,A,River/A354 Bridge,341,50 51.215N 002 09.246W,
Blenheim N,BLE,A#!,A44/B4437,374,51 52.159N 001 22.703W,
Blaenau Ffestiniog,BLF,B,A470/A496,656,52 59.739N 003 56.511W,
Ballinluig,BLG,A,A827/River Bridge,197,56 38.952N 003 40.317W,
Balloch,BLH,D,Pier Land End,49,56 00.486N 004 35.443W,
Blidworth,BLI,A,A617/A614 R'bout,230,53 07.207N 001 03.821W,
Blakeney Point,BLK,C,Building,5,52 58.392N 000 58.452E,
Blanchland,BLN,A,B6306 bridge over river Derwent,825,54 50.824N 002 03.240W,
Bolsover SW,BLO,A,M1 J29,328,53 11.861N 001 19.379W,
Blair Atholl,BLR,D,Castle East,492,56 46.283N 003 51.433W,
Barnsley S,BLS,A,M1 J36,410,53 29.792N 001 28.488W,
Barnsley W,BLW,A#,M1 J37,492,53 32.943N 001 30.947W,
Bletchley,BLY,A#,Rail Bridge/A5,299,52 00.058N 000 42.526W,
Balmaha,BMA,D,Pier Lake End,49,56 05.020N 004 32.922W,
Brynamman,BMM,B,A4069 bridge,472,51 48.506N 003 52.118W,
Braemar East,BMR,A,A93/River Bridge,1050,57 00.199N 003 20.582W,
Barmouth Station,BMS,A,Rail Station,26,52 43.332N 004 03.392W,
Bingham,BNG,A,A46/A52,197,52 56.947N 000 58.980W,
Brinkworth,BNK,B,Rail bridge,280,51 33.406N 001 58.953W,
Ben Nevis,BNV,A,Trig Point,4406,56 47.814N 005 00.216W,
Bicester North West,BNW,A,M40 J 10/ B 430,413,51 56.907N 001 12.316W,
Booker SW,BO1,D#,Hambledon Church Tower,164,51 34.381N 000 52.208W,
Booker W,BO2,D##,Frieth Crossroads,490,51 36.401N 000 50.771W,
Booker NW,BO3,D##,Lane End Church tower,525,51 37.059N 000 50.226W,
Turville Windmill,BO4,D#,Windmill,502,51 36.992N 000 53.388W,
Rockwell End,BO5,D##,Y junction,450,51 35.190N 000 51.186W,
Bridge of Avon,BOA,A,A95 br.over River,591,57 24.336N 003 21.674W,
Booker M40 Bridge,BOB,D#,Small bridge over M40,361,51 37.622N 000 51.555W,
Bridge of Cally,BOC,A,A93/River Br,508,56 38.806N 003 24.204W,
Bodiam,BOD,C,Centre of Castle,184,51 00.098N 000 32.594E,
Bridge of Gaur,BOG,C,River/Road Bridge,656,56 40.688N 004 26.909W,
Bootle,BOL,A,Bridge,66,54 16.710N 003 22.279W,
Bodmin SW,BOM,A#,A30/A389,466,50 26.023N 004 46.498W,
Boncath,BON,A#,A478/B4332,663,52 00.931N 004 38.133W,
Booker Airfield,BOO,D##,SW Corner/B482,520,51 36.512N 000 48.931W,126.555
Boroughbridge,BOR,A,A6055 Br. over A1,108,54 05.123N 001 23.989W,
Boston,BOS,A,A52 Br. over dyke,92,52 58.317N 000 03.531W,
Bottesford,BOT,C,Church Spire,154,52 56.606N 000 48.014W,
Bourne,BOU,C,A15/A151,154,52 46.083N 000 22.637W,
Bovey Tracey,BOV,C,Reservoir Dam,771,50 37.698N 003 41.372W,
Bourton-on-the-water,BOW,C,A429/River Bridge,194,51 53.203N 001 46.110W,
Bozeat,BOZ,B,Road Br over A 509,154,52 13.313N 000 41.035W,
Barnstaple,BPL,A,A377/Rail Br,269,51 02.180N 004 02.371W,
Bridport,BPT,B,A35/A3066,15,50 43.974N 002 45.020W,
Bognor Regis Gliding Club,BR1,B#,Runway centre,10,50 48.061N 000 39.564W,129.980
Bognor Domes,BR2,C,Domes,40,50 47.106N 000 39.782W,
Brackley South,BRC,A#!,A43/A422 r'bout,322,52 01.270N 001 08.959W,
Bradbury,BRD,A,A1(M)/A689,262,54 39.146N 001 30.734W,
Brecon,BRE,A,A40/A470 R'bout,653,51 56.468N 003 21.522W,
Bradford-on-avon,BRF,C,Stn Road Br E,98,51 20.680N 002 15.125W,
Brenig,BRG,B,Reservoir Tower,1245,53 04.540N 003 31.763W,
Brough,BRH,B#,A66/A685,545,54 31.485N 002 19.113W,
Bridgnorth,BRI,A,River/A458 Bridge,200,52 31.660N 002 25.044W,
Broad Oak,BRK,C,A28/B2089,154,50 56.928N 000 35.881E,
Brill,BRL,A,Church Tower,625,51 49.129N 001 02.982W,
Bromsgrove,BRM,C,Station Bridge NE,144,52 19.362N 002 02.779W,
Burn,BRN,C#,Runways 33/19,20,53 44.624N 001 05.031W,129.980
Broadway,BRO,C,A44/B4632 East,161,52 02.182N 001 51.356W,
Brampton,BRP,A#!,Rail/A689,486,54 56.253N 002 41.737W,
Brora,BRR,A#,A9 over river,15,58 00.707N 003 51.202W,
Braemar Stadium,BRS,B,Entrance to Stadium,1116,57 00.298N 003 24.360W,
Brent Tor,BRT,D#,Gliding Site Hangar,820,50 35.531N 004 09.100W,130.105
Bruton,BRU,B,Station/B3081 Bridge,194,51 06.643N 002 26.996W,
Barrow,BRW,C#,R/Ws 35/23,47,54 07.444N 003 15.977W,129.980
Bromyard,BRY,C,Church Tower,230,52 11.460N 002 30.340W,
Brenzett,BRZ,A,A259/A2070/B2080 roundabout,12,51 00.424N 000 51.493E,
Bury St Edmunds S,BS1,D,Large building,115,52 13.884N 000 42.541E,
Bury St Edmunds N,BS2,A,A134/B1106,108,52 16.728N 000 42.979E,
Bury St Edmunds,BSE,A,Rail Br/A14,187,52 15.195N 000 43.254E,
Basingstoke N,BSN,C,Bramley rail stn,195,51 19.769N 001 03.659W,
Bunessan Pier,BSS,C,Sea end of pier,10,56 19.163N 006 14.902W,
Brecon SW,BSW,A,A470/A4215 T junction,780,51 54.750N 003 28.431W,
Bassenthwaite E,BT2,D,A591 T junction,424,54 39.900N 003 11.282W,
Bassenthwaite Lake NW,BTH,A,A66/B5291,265,54 40.094N 003 14.692W,
Battle,BTL,B,A2100 Br over Rail,167,50 54.772N 000 29.580E,
Bridlington,BTN,B#!,Bridge,33,54 04.982N 000 12.359W,
Ballater,BTR,A,River / Road Bridge,656,57 02.821N 003 02.183W,
Buttermere,BTT,B,Bridge,410,54 32.460N 003 16.601W,
Burbage,BUB,A,A338/A346,509,51 20.668N 001 40.193W,
Buckingham,BUC,C,Church Spire,420,51 59.888N 000 59.337W,
Bude,BUD,A,Canal Bridge,30,50 49.625N 004 32.829W,
Burley Gate,BUG,A,A417/A465,259,52 07.254N 002 35.761W,
Burnhope Reservoir,BUH,A,Dam wall S end,1312,54 44.610N 002 14.276W,
Builth Wells,BUI,A,A470/River Bridge,410,52 09.024N 003 24.069W,
Buckfastleigh,BUK,A,A38/A384,171,50 29.253N 003 46.128W,
Bullington,BUL,A,A303 br over A34,249,51 10.506N 001 20.336W,
Bungay,BUN,A,A143/B1332,118,52 27.832N 001 26.509E,
Burton upon Stather,BUS,B#,T-junction,197,53 38.972N 000 41.089W,
Butser Hill,BUT,C,150 ft Mast,886,50 58.633N 000 58.916W,
Buxton,BUX,B#,Bridge,820,53 15.569N 001 54.438W,
Beauly,BUY,A,Rail Br over River,33,57 28.563N 004 27.748W,
Belvoir,BVR,B,Bridge over Castle Lake,138,52 53.247N 000 46.038W,
Bovington,BVT,D#,Club Hangar,205,50 42.732N 002 13.297W,129.980
Bridgwater E,BWE,A,M5/A372,20,51 07.433N 002 58.236W,
Bwlch,BWL,C,A490/A495,187,52 44.337N 003 12.284W,
Candover Church,CAC,C,Church Spire,518,51 10.193N 001 08.008W,
Callander,CAD,A,A81/River Bridge,36,56 14.576N 004 13.045W,
Canterbury East,CAE,C,Bekesbourne Station,279,51 15.694N 001 08.168E,
Castle Howard,CAH,C,"House, central dome",148,54 07.292N 000 54.305W,
Cairnwell,CAI,C,Hill Top,3061,56 52.784N 003 25.259W,
Calvert Rail Junction,CAL,C,Bridge W side of Rail Junction,279,51 55.471N 001 00.693W,
Cannock,CAN,A,M6 J12/A5,266,52 41.341N 002 06.211W,
Canonbie,CAO,B,River Bridge/B6357,230,55 04.794N 002 56.932W,
Carlton Moor,CAR,D,Old hangar,1200,54 24.488N 001 12.115W,
Cambridge South,CAS,A#!,Rail Fork,95,52 09.395N 000 08.118E,
Canterbury,CAT,B,Cathedral Main Twr,282,51 16.788N 001 04.973E,
Caxton Gibbet,CAX,A,A45/A1198 R'bout,220,52 13.719N 000 06.215W,
Carter Bar,CBA,A,A68/A6088,1310,55 21.346N 002 29.062W,
Conisbrough Castle,CBC,B,Castle keep,98,53 29.064N 001 13.545W,
Creagan Bridge,CBG,A,Bridge,40,56 32.839N 005 17.473W,
Carisbrooke Castle,CBK,C,Tower,262,50 41.272N 001 18.774W,
Chilbolton,CBN,B,Radio Telescope Dish,292,51 08.702N 001 26.289W,
Carrbridge,CBR,A,Spey Bridge,876,57 17.027N 003 48.966W,
Catacol Bridge,CCB,C,A841 (C147) River Bridge,10,55 41.350N 005 19.600W,
Carreg Cennen Castle,CCC,D,Centre of Ruined Castle,725,51 51.263N 003 56.118W,
Castle Combe,CCH,D,Church Tower,272,51 29.603N 002 13.785W,
Castle Carrock Dam NW,CCK,A,W side of dam wall north end of water,540,54 53.250N 002 42.743W,
Crickhowell,CCL,A,Bridge,226,51 51.383N 003 08.512W,
Clay Cross Reservoir,CCR,A,B6014 E end Reservoir Causeway,243,53 08.624N 001 26.871W,
Cadbury Cross,CCX,D,A3072 crossroads,617,50 50.211N 003 33.154W,
Cromdale Spey Bridge,CDB,B,Spey Bridge,581,57 20.483N 003 33.215W,
Cader Idris,CDI,A,Spot Height 2930ft,2930,52 41.973N 003 54.529W,
Clodock,CDK,C#,T-Junction,410,51 56.517N 002 58.917W,
Castle Douglas SW,CDO,A,A75/B736 R=bout,170,54 55.820N 003 57.098W,
Clattershaws Dam S,CDS,A,Bridge,510,55 02.984N 004 16.645W,
Coldwaltham,CDW,B,Road/Rail Bridge,38,50 56.628N 000 32.048W,
Cerne Abbas,CER,C,A352/Road crossing,256,50 48.474N 002 28.882W,
Cowes,CES,C,Crossroads,10,50 45.464N 001 17.303W,
Chollerford Bridge,CFB,A,B6318 Br over R North Tyne,200,55 01.760N 002 07.629W,
Crieff,CFF,A,A822/River Bridge,59,56 21.983N 003 51.122W,
Chalford North,CFN,D,Crossroads,660,51 44.159N 002 09.460W,
Corgarf,CGF,D,Castle centre,1165,57 09.775N 003 14.054W,
Craigellachie,CGI,B,Spey Bridge,344,57 29.467N 003 11.674W,
Croglin,CGL,A,B6143 T-junction,655,54 49.057N 002 39.901W,
Cragganmore,CGN,B,Old Rail Bridge,460,57 24.835N 003 23.125W,
Cherington,CGT,C,T junct,302,52 01.571N 001 34.573W,
Chard,CHA,C,A30/A358,243,50 52.413N 002 57.677W,
Charlbury,CHB,C,B4437 Br over rail,433,51 52.384N 001 29.460W,
Chipping Campden,CHC,C,Church Twr,167,52 03.183N 001 46.505W,
Chesterfield,CHD,C,Crooked Spire,220,53 14.172N 001 25.460W,
Chedworth,CHE,C,R/W 21/Road Crossing,827,51 48.749N 001 56.577W,
Chichester W,CHI,A#,A27/B2146,50,50 50.946N 000 50.606W,
Chirk,CHK,A,Rail Bridge/B4500,164,52 55.783N 003 03.836W,
Charlton Mires,CHM,A,A1/B6347,289,55 28.730N 001 43.274W,
Chipping Norton,CHN,A,A3400/A361 R'bout,751,51 57.124N 001 31.484W,
Chorley West,CHO,A#,A581 bridge over M6,100,53 39.531N 002 41.471W,
Chipping,CHP,D#,Hangar,600,53 53.165N 002 37.242W,118.685
Charterhall Field,CHR,B,Runway intersection,350,55 42.438N 002 22.634W,
Chelmsford S,CHS,A#!,A12/B1007,215,51 41.215N 000 27.917E,
Chatteris,CHT,A#!,A141 roundabout,20,52 27.123N 000 02.342E,
Church Houses,CHU,D,"Crossroads, village centre",455,54 22.108N 000 58.290W,
Chieveley,CHV,A,M4 J13 Roundabout,361,51 27.156N 001 18.628W,
Charwelton,CHW,C,Tower,230,52 12.170N 001 15.064W,
Castle Island Laggan,CIL,B,Island,820,56 57.258N 004 28.284W,
Cinderford,CIN,B,A4151/B4226,722,51 48.966N 002 29.485W,
Cirencester Church,CIR,C,Church Tower,331,51 43.041N 001 58.078W,
Cirencester West,CIW,C,Y Junction,549,51 43.725N 002 04.625W,
Chicklade,CKL,A,A350/A303,364,51 06.284N 002 09.956W,
Challock Chalk Pit,CL2,D#,NE Corner of Chalk Pit,460,51 12.343N 000 49.298E,
Challock East,CL3,D#,T junction,436,51 11.798N 000 50.428E,
Claydon,CLA,C,A45/B1113 R'bout,236,52 06.204N 001 06.453E,
Clacton E,CLC,A#,B1032/River,7,51 48.590N 001 12.284E,
Culdrose A/f,CLD,C##,R/Ws 30/25,267,50 05.190N 005 15.558W,134.050
Clee,CLE,C,Hill Radar N Dome,1750,52 23.879N 002 35.817W,
Culmhead airfield,CLH,A,Centre of runway triangle,882,50 55.785N 003 07.707W,
Clitheroe,CLI,A,Rail Br over A59,330,53 53.912N 002 20.707W,
Challock,CLK,D#,Hangar,600,51 12.508N 000 49.840E,118.685
Carlisle,CLL,A#!,M6 J43/A69,295,54 53.709N 002 53.210W,
Chilham,CLM,A,A28/A252,89,51 14.661N 000 58.411E,
Calne W,CLN,A,A4/A3102,256,51 26.397N 002 01.048W,
Clova,CLO,B,B955/River Bridge,787,56 50.506N 003 06.415W,
Clyffe Pypard,CLP,D,Church,443,51 29.503N 001 53.649W,
Culmstock,CLS,C,Crossroads,320,50 54.842N 003 16.767W,
Corran Lighthouse,CLT,A,Lighthouse,15,56 43.245N 005 14.547W,
Clunas,CLU,A#,Water tower,771,57 29.401N 003 53.955W,
Cleeve Hill,CLV,D#,View point on Cleeve Hill,1040,51 56.156N 002 01.320W,
Carloway,CLW,A,Bridge,30,58 16.967N 006 46.114W,
Callaly Castle,CLY,D,Centre of building,328,55 22.970N 001 55.110W,
Cheltenham East,CME,C#!,Reservoir W,180,51 52.606N 002 01.131W,
Carmodle,CML,D,Farmhouse,902,56 13.810N 003 35.328W,
Carmarthen,CMN,A,A48/River Bridge,282,51 51.099N 004 18.929W,
Cockermouth,CMO,A,A66br over B5289,325,54 38.931N 003 20.542W,
Caerleon bridge,CNB,C,River bridge,30,51 36.433N 002 57.159W,
Canterbury North East,CNE,B,A291/Rail,282,51 18.053N 001 07.330E,
Connel,CNL,A#,Bridge/A85/A828,26,56 27.294N 005 23.461W,
Corndon Hill,CNN,A,Trig Point,1683,52 33.944N 003 01.518W,
Carno,CNO,A,Rail Bridge,584,52 33.971N 003 32.546W,
Chinnor,CNR,A,M40 J6/B4009,341,51 40.344N 000 57.665W,
Cirencester nw,CNW,A,A417 r'bout NW,322,51 44.973N 001 59.902W,
Conwy Bridge,CNY,A,A547 bridge,30,53 16.910N 003 49.251W,
Corby South,COB,A,A6003/A6014 Rbt,302,52 27.584N 000 44.222W,
Colchester,COC,A,Rail/A120 Bridge,167,51 54.652N 000 57.382E,
Coldstream,COD,A,River/A697,65,55 39.236N 002 14.492W,
Corwen NE,COE,G,GNSS point based on Lat/Long,985,53 01.000N 003 18.500W,
Crocketford,COF,A,A715/A712,394,55 02.158N 003 49.738W,
Corby Glen,COG,A,A151/B1176,312,52 48.706N 000 31.123W,
Coldingham,COH,A,A1107/6358,245,55 53.137N 002 09.466W,
Cocking,COK,C,Church Tower,151,50 57.014N 000 44.969W,
Comrie,COM,B,B827/River Bridge,62,56 22.418N 003 59.237W,
Condover,CON,A,Rail/A49 Bridge,240,52 36.712N 002 46.093W,
Corby,COR,C,A427/A6116,315,52 29.368N 000 40.627W,
Cosford Junction,COS,A#,M54 J3/A41,253,52 39.519N 002 17.978W,
Colt Crag Reservoir,COT,A,Road Br over water,680,55 05.832N 002 07.087W,
Coupar Angus,COU,C,A94/A923,131,56 32.721N 003 16.054W,
Colchester West,COW,C,Road Br over Rail,203,51 52.875N 000 47.029E,
Camphill start/finish south,CP1,A#,A623/B6465,787,53 16.631N 001 43.854W,
Camphill Chimney,CP2,A#,Cement works chimney,600,53 20.322N 001 45.230W,
Camphill,CPH,C#,Hangar,1350,53 18.303N 001 43.746W,129.980
Clapham Reservoir N,CPN,D,Bridge,655,54 07.424N 002 23.035W,
Chepstow S,CPS,A,M48 Roundabout,114,51 37.234N 002 40.379W,
Chippenham W,CPW,A,A4/A350,197,51 26.856N 002 08.978W,
Cranwell North,CRA,C##,College Tower,220,53 02.218N 000 30.634W,129.980
Cranbrook,CRB,D,School West End,190,51 05.949N 000 31.561E,
Crick,CRC,A,M1 J18/A428,276,52 21.043N 001 09.277W,
Cricklade,CRD,C,Church Tower,259,51 38.413N 001 51.448W,
Crediton Station,CRE,C,BR Station,315,50 46.990N 003 38.787W,
Crail,CRF,B,Crail Church,108,56 15.757N 002 37.545W,
Cerrig,CRG,C,A5/B5105,121,53 01.499N 003 33.722W,
Crianlarich,CRI,C,Station,269,56 23.429N 004 37.115W,
Crewkerne,CRK,A,Stn/A356,207,50 52.435N 002 46.754W,
Crowland A/f,CRL,D#,"A/F E end, by A1073",10,52 42.588N 000 08.400W,129.980
Crymych Mast,CRM,A,TV transmitter,1066,51 56.662N 004 39.659W,
Crinan,CRN,B,Lighthouse,1,56 05.499N 005 33.311W,
Crowland Bridge,CRO,A,River/B1166,13,52 40.773N 000 11.011W,
Cromer Pier,CRP,A,Pier entrance,30,52 55.966N 001 18.051E,
Carron,CRR,C,Spey Bridge,328,57 27.263N 003 17.652W,
Crediton West,CRW,A,Rail Fork,361,50 47.318N 003 44.417W,
Cray Reservoir,CRY,A,W end of Dam Wall,817,51 53.130N 003 37.523W,
Chirnside,CSD,A,A6105/B6355,292,55 48.050N 002 13.144W,
Canterbury South East,CSE,A,A2050 Bridge over A 2T,282,51 15.304N 001 06.791E,
Cosford Airfield,CSF,A##,R/W 24 SW end,271,52 38.250N 002 18.741W,135.875
Crask Bridge,CSK,A,A836 river bridge,732,58 11.092N 004 30.700W,
Coniston,CSN,B,Bridge,164,54 22.148N 003 04.552W,
Cross Hands,CSS,A,A48/A476,525,51 47.809N 004 05.003W,
Colsterworth,CSW,A,A1/A151,262,52 48.082N 000 36.643W,
Crathie Bridge,CTH,B,B976 Br over R Dee,885,57 02.373N 003 13.067W,
Catterick,CTK,A,A6136 Br over A1,118,54 23.166N 001 39.285W,
Clows Top,CTP,B,Crossroads,727,52 20.640N 002 25.248W,
Clunbury Hill,CU2,D,Circle in horse gallops,886,52 24.907N 002 55.145W,
Cullompton,CUL,A,M5 J28/A373,522,50 51.652N 003 23.016W,
Clun,CUN,A,A488/B4368,525,52 25.225N 003 01.819W,
Cupar,CUP,C,A91/A92,233,56 19.159N 003 00.723W,
Currock Hill,CUR,D#,"Gliding Site, Centre",800,54 56.065N 001 50.456W,130.130
Craven Arms,CVN,B,B4368/Rail Br,279,52 26.375N 002 50.229W,
Chipping Warden,CWA,C,R/Ws 24/36,256,52 08.722N 001 16.569W,
Crowcombe Court,CWC,C#,Country House,482,51 07.503N 003 13.828W,
Crewe East,CWE,A,M6 J16,295,53 04.104N 002 20.020W,
Corwen,CWN,A,A5/River Dee bridge,85,52 58.776N 003 23.257W,
Cwmbran SW,CWS,A,Reservoir N side of dam wall,590,51 37.142N 003 04.424W,
Chatsworth,CWT,A,Bridge,394,53 13.682N 001 36.980W,
Carsington Water Visitors Centre,CWV,A#,Visitors Centre.,673,53 03.661N 001 38.466W,
Conwy W,CWW,A,Penmaen-bach Point,15,53 17.354N 003 52.817W,
Conwy S,CWY,A,Bridge over R Conwy,20,53 13.750N 003 49.197W,
Dallachy,DAL,A,Intersection 29/22,33,57 39.437N 003 03.958W,
Dalmally,DAM,C,Station,141,56 24.050N 004 59.011W,
Danby,DAN,C,Road bridge over rail S side of village,475,54 27.953N 000 54.570W,
Darlington,DAR,A,A67 Br over A1(M),256,54 31.405N 001 37.185W,
Darwell,DAW,C,Reservoir SW end,187,50 57.619N 000 25.349E,
Dunblane,DBN,C,Station,105,56 11.164N 003 57.958W,
Devil's Bridge,DBR,A,Bridge,476,52 22.632N 003 50.979W,
Diddlebury,DBY,C,Church Tower,397,52 27.852N 002 43.506W,
Didcot Rail Bridge,DCT,A,A4130/Railway Bridge,205,51 36.918N 001 15.467W,
Devil's Dyke,DDK,D#,Hotel NE Corner,690,50 53.130N 000 12.718W,
Deal,DEA,B,A258/Rail,30,51 13.344N 001 23.931E,
Deddington,DED,A#,A4260/B4031,417,51 58.926N 001 19.383W,
Denbigh,DEN,B,A525/A543 R'bt E,105,53 11.013N 003 23.831W,
Depden Water Tower,DEP,D,Water Tower,404,52 11.272N 000 35.122E,
Derwent,DER,A,Dam NE Side,82,54 51.622N 001 57.344W,
Detling,DET,C#,Church Spire,400,51 17.647N 000 34.113E,
Devizes,DEV,C,A361 Br over Canal,387,51 21.252N 001 59.076W,
Duffield,DFF,C,B5023/River Br,194,53 00.464N 001 32.081W,
Dalton-in-Furness,DFU,A#,A590/A595,197,54 09.800N 003 11.335W,
Dingwall,DIN,A,Rail/River Bridge,25,57 35.889N 004 25.271W,
Diss,DIS,A,Rail Bridge/A1066,171,52 22.221N 001 07.241E,
Ditchlingbeacon,DIT,D,Car park entrance,770,50 54.049N 000 06.317W,
Dunkeld,DKD,A,A923/River,197,56 33.823N 003 35.130W,
Dunkery Beacon,DKY,A,Trig Point,1704,51 09.767N 003 35.201W,
Dale Bridge,DLB,B,B4327 bridge,164,51 43.847N 005 10.221W,
Dallas,DLS,B,B9010 T Junction,325,57 33.562N 003 27.714W,
Dalston,DLT,A#!,Bridge,131,54 50.873N 002 58.848W,
Duntulm N,DMN,C,Spot Height 384ft,384,57 42.072N 006 20.674W,
Dunbar SE,DNB,A,A1087 Rail Bridge,90,55 58.941N 002 29.048W,
Durham Northeast,DNE,A,A1(M)/A690,98,54 47.632N 001 31.733W,
Dunning,DNG,C,Church tower,144,56 18.770N 003 35.214W,
Dunoon,DNN,D,Pier sea end,49,55 56.811N 004 55.294W,
Duntulm,DNT,B,A855 bend,20,57 40.918N 006 20.702W,
Doncaster Northwest,DNW,A,A638 bridge over A1,69,53 34.680N 001 12.749W,
Docking,DOC,C,B1454/B1153,210,52 54.066N 000 37.195E,
Dolgellau,DOG,A,Bridge,66,52 44.660N 003 52.212W,
Dollar,DOL,C,A91/B913,128,56 09.727N 003 40.599W,
Dorchester,DOR,A,A35 R'bout NE,279,50 43.235N 002 24.799W,
Doune,DOU,A,A84/River Bridge,46,56 11.206N 004 03.684W,
Dover Marina,DOV,B,A20 roundabout,10,51 07.199N 001 18.554E,
Downham Market,DOW,C,Station,72,52 36.249N 000 21.906E,
Droma Bridge,DRB,A,A832 br over R Droma,575,57 45.162N 005 00.737W,
Driffield,DRI,C,A166/A163 Rbt,98,54 00.534N 000 27.208W,
Darlton,DRL,D#,Hangar,155,53 14.973N 000 51.218W,118.685
Droitwich,DRO,A,M5 J5/A38,151,52 17.272N 002 07.210W,
Denbigh Ridge S,DRS,D#,Spot Height,1352,53 03.883N 003 14.447W,
Drumshade,DRU,D,Farmhouse,230,56 38.547N 003 01.613W,
Daventry SE,DSE,A,A45/A425,509,52 14.823N 001 09.057W,
Dursley SW,DSW,D,Tyndale monument on Nibley Knoll,540,51 39.521N 002 22.376W,
Donington,DTN,A,A52/Rail Bridge,102,52 54.096N 000 13.060W,
Dulnain Bridge,DUB,A,River Dulnain Bridge,705,57 18.213N 003 40.031W,
Duncton,DUC,D,Bridge over Ponds,141,50 56.875N 000 36.960W,
Dufftown,DUF,A,A941/River Br,591,57 26.643N 003 06.954W,
Dulverton,DUL,C,B3222/River Br,197,51 02.359N 003 33.177W,
Dumfries,DUM,B,Rail/A75,52,55 05.158N 003 36.638W,
Dunstable Airfield,DUN,D##,"NW Boundary of field, just East of B489 Tring Road",490,51 52.304N 000 33.074W,119.905
Durham,DUR,B,Cathedral Tower,415,54 46.408N 001 34.592W,
Duns,DUS,C,A6112/A6105,56,55 46.737N 002 20.717W,
Dufton,DUT,B,Church,607,54 37.176N 002 28.811W,
Dursley NW,DUY,C,B4060/4066 T junction,310,51 41.516N 002 22.766W,
Daventry N,DVN,A,Roundabout,295,52 16.893N 001 10.086W,
Dalwhinnie,DWI,A,S end of dam wall,971,56 55.655N 004 14.922W,
Danbury N,DYN,D#!,River Bridge,35,51 44.616N 000 37.044E,
Dyserth,DYS,C,House,377,53 17.723N 003 24.647W,
Eaglescott,EAG,D##,Airfield Centre,655,50 55.639N 003 59.609W,123.010
Earith,EAR,C,A1123/River Br,46,52 21.227N 000 02.265E,
Easterton,EAS,D#,Gliding Site Hangar,361,57 35.226N 003 18.497W,130.105
Eastgate,EAT,B,Bridge over Rookhope Burn,768,54 44.639N 002 04.509W,
Eastwell,EAW,D,Crossroads,161,52 50.727N 000 51.285W,
Eckford N,ECN,A,A698/B6401,200,55 32.294N 002 27.840W,
Edgehill,EDG,A#,Centre of airfield,642,52 05.097N 001 28.418W,129.980
Edgehill West,EDW,D,Church,262,52 05.900N 001 33.928W,
Edzell,EDZ,B,R/Ws 24/33,72,56 48.739N 002 36.291W,
Eggesford N,EGG,B#,A377 Bridge,180,50 54.449N 003 53.663W,
Elkstone S,ELK,D,A417/Elkstone road,850,51 47.740N 002 03.016W,
Ellesmere,ELL,C,A528/A495,240,52 54.540N 002 53.643W,
Elmswell W,ELM,A,A14/A1088,197,52 13.908N 000 53.491E,
East Linton,ELT,B,Road/River Bridge,115,55 58.644N 002 40.009W,
Elvanfoot,ELV,B,A702 Bridge,906,55 26.296N 003 39.634W,
Ely,ELY,B!#,Cathedral Tower,79,52 23.888N 000 15.837E,
Enstone,ENS,A#,Control Tower,550,51 55.755N 001 25.731W,129.880
Eastbourne NW,ENW,C,A2270 T Junction,246,50 48.253N 000 14.968E,
Etchingham,ETC,B#,A265/Rail,190,51 00.609N 000 26.600E,
Etal,ETL,B,B6354 Crossroads,138,55 38.888N 002 06.968W,
Ettington,ETT,A,A429/A422 R'bout,164,52 08.483N 001 36.843W,
Evesham,EVE,C,Station/Road Br E,98,52 05.893N 001 56.757W,
Ennerdale Water W,EWW,A,Bridge,377,54 31.470N 003 24.627W,
Eyebrook,EYE,A,Reservoir Dam SW,315,52 32.336N 000 44.696W,
Fakenham,FAK,A,A148/A1065 R'bout,200,52 50.372N 000 50.257E,
Falgunzeon,FAL,D#,Gliding Site,600,54 56.584N 003 44.445W,129.980
Faringdon,FAR,C,A420/A417 R'bout,390,51 38.955N 001 34.519W,
Faversham,FAV,A,M2 J7/A2,315,51 18.099N 000 55.548E,
Falkirk West,FAW,A#,M80 J5 over M876,220,56 00.168N 003 55.003W,
Fraserburgh,FBG,C,E of 2 Lighthouses,164,57 41.518N 001 59.697W,
Fontburn Reservoir,FBR,A,Valve tower near dam wall,604,55 14.199N 001 55.486W,
Feshie Airstrip,FE1,D#,Centre of strip,860,57 06.113N 003 53.504W,118.685
Feshie Start N,FE2,D#,Monument,1175,57 09.422N 003 51.470W,
Feshie Descent Point,FE3,G#,Loch Insh,715,57 06.884N 003 56.020W,
Feshie S,FE5,D,Small Loch,2493,57 00.003N 003 52.551W,
Fearnan,FEA,A,A827 T Junction,356,56 34.438N 004 05.034W,
Fenny Compton,FEN,A,A423 Br over rail,240,52 09.998N 001 21.855W,
Ferness,FER,A,A939/River Bridge,820,57 29.659N 003 44.247W,
Feshiebridge,FES,D#,Gliding Club Hangar,860,57 06.100N 003 53.671W,118.685
Fettercairn,FET,C,B966/B974,394,56 51.093N 002 34.499W,
Felixstowe Pier,FEX,B,Pier entrance,20,51 57.476N 001 20.768E,
Farnsfield,FFD,D,Rail/Road,180,53 06.433N 001 02.019W,
Fforest Inn,FFI,C,Y-Junction,1153,52 13.108N 003 12.925W,
Forfar,FFR,C,Loch East End,230,56 38.757N 002 54.016W,
Fan Hir,FHI,D,Trig point,2631,51 52.943N 003 42.488W,
Fownhope,FHP,C,Crossroads,175,52 00.468N 002 36.966W,
Firle Beacon,FIB,B,Spot Height,712,50 50.025N 000 06.498E,
Filey,FIL,A,Rail/A165,138,54 11.508N 000 17.979W,
Finmere,FIM,A,A421/A4421,390,51 59.318N 001 04.164W,
Finavon,FIN,B,A94/B957,131,56 42.318N 002 49.643W,
Fishguard,FIS,B,Roundabout,295,51 59.198N 004 59.391W,
Flamborough,FLA,A,Lighthouse,135,54 06.982N 000 04.963W,
Four Marks,FMA,C,Station,640,51 06.819N 001 02.825W,
Fort William NE,FNE,D,Field,66,56 52.561N 005 02.933W,
Falmouth NW,FNW,B,A39 roundabout,180,50 09.752N 005 05.980W,
Fort Augustus,FOA,A,Lighthouse,817,57 08.761N 004 40.525W,
Fordoun,FOD,A,A90/B967,205,56 52.182N 002 24.742W,
Folkestone,FOL,A,M20 J11/ B2086,246,51 05.723N 001 02.967E,
Fordingbridge,FOR,A,A338/River Bridge,194,50 55.709N 001 47.191W,
Foston,FOS,A,A64/Rail Bridge,128,54 04.221N 000 55.239W,
Fovant,FOV,C,A30/T junction,351,51 03.156N 001 59.938W,
Freuchie,FRE,A,A92/912/914,345,56 14.016N 003 09.356W,
Fridaythorpe,FRI,A,A166/B1251,102,54 01.218N 000 39.720W,
Frome,FRO,C,A362/B3092,240,51 13.699N 002 19.348W,
Framlingham,FRW,D,Windmill,148,52 13.906N 001 17.897E,
Fort William,FTW,A,A82/Rail Br,33,56 49.566N 005 05.207W,
Gainsborough Power Station,GA2,A,Chimney,665,53 21.783N 000 48.645W,
Galashiels,GAA,B,A6091/River Br,30,55 36.207N 002 46.803W,
Garboldisham,GAB,A,A1066/B1111(E),161,52 23.713N 000 56.815E,
Garforth,GAF,B,Rail/A642,75,53 47.818N 001 22.979W,
Gargrave West,GAG,A,Rail br over A65,490,53 59.492N 002 08.243W,
Gainsborough,GAI,A,A631/River Bridge,56,53 23.523N 000 46.628W,
Gallowfauld,GAL,A,A929/A928,394,56 32.907N 002 56.356W,
Garten,GAR,C,Station,623,57 14.898N 003 45.152W,
Gateshead East,GAT,C,A194(M)/A184,138,54 56.752N 001 30.933W,
Gaydon,GAY,A,M40 J12/B4451,203,52 11.559N 001 27.538W,
Gribbin Head,GBB,B,Tower,213,50 19.017N 004 40.383W,
Great Bedwyn,GBE,B,Bridge,394,51 22.711N 001 35.916W,
Glasbury Bridge,GBR,A,A438 river Br,262,52 02.731N 003 11.840W,
Gloucester Canal Bridge,GCB,C,A430 Bridge,36,51 51.522N 002 15.354W,
Glen Dee Bridge,GDB,D,Dee Bridge,1339,56 58.583N 003 36.931W,
Glyndebourne,GDE,D,Opera House,131,50 52.681N 000 03.701E,
Great Dun Fell,GDF,C,Relay station,2780,54 41.048N 002 27.052W,
Gordon,GDN,A,A6105/A6089,540,55 40.810N 002 33.738W,
Gretna Services,GES,A,Bridge,131,55 00.594N 003 05.268W,
Glenfiddich Lodge,GFD,D,Bridge,1017,57 22.921N 003 08.487W,
Glenfarg Reservoir E,GFG,B,Tower,623,56 16.884N 003 26.376W,
Glen Falloch,GFL,A,A82/River,85,56 20.417N 004 43.230W,
Garsdale Head,GHD,A,Bridge,1017,54 19.686N 002 19.116W,
Gillingham,GIL,B,Station/B3081 Bridge,249,51 02.101N 002 16.127W,
Giosla,GIO,A,Small Power Station,30,58 07.677N 006 52.683W,
Gisburn,GIS,A,A682 br over rail,490,53 56.336N 002 15.572W,
Glastonbury,GLA,C,T-Junction,187,51 08.885N 002 42.741W,
Gelt Bridge,GLB,A#,Rail Bridge,360,54 54.500N 002 43.851W,
Glendevon,GLE,D,Castle,138,56 13.849N 003 39.172W,
Glenforsa,GLF,A,Airstrip Hotel,39,56 30.921N 005 54.903W,
Gleneagles,GLN,D,Hotel S side,115,56 16.966N 003 45.064W,
Gloucester South,GLS,A,Rail/M5 Bridge,112,51 48.251N 002 15.887W,
Glenlatterach Dam N,GLT,A,Dam wall,689,57 33.713N 003 20.880W,
Gairlochy,GLY,C,Lighthouse,522,56 55.028N 004 59.249W,
Grains,GNS,C#,B6276 Bridge,1171,54 34.908N 002 12.391W,
Goole N,GO2,A,M62 J37,30,53 44.056N 000 51.971W,
Goole NE,GOO,A,M62/Rail Bridge,16,53 45.201N 000 46.309W,
Goring,GOR,A,Rail/River bridge,226,51 30.698N 001 07.680W,
Great Ponton,GPN,B,Footbridge over A1,272,52 51.762N 000 37.768W,
Gransden NW,GR1,D#,Silo/Hangar,254,52 11.087N 000 07.328W,
Grantham,GRA,A,A1/A607,210,52 53.844N 000 39.875W,
Grasmere Church,GRC,C,Church Tower,197,54 27.454N 003 01.423W,
Great Ashfield,GRF,C,A/F R/Ws 24/31,200,52 15.425N 000 56.150E,
Grimwith Reservoir,GRI,B,Tower S side,950,54 04.401N 001 54.423W,
Gransden Lodge,GRL,D#,Clubhouse,254,52 11.179N 000 06.674W,131.280
Great Malvern,GRM,C,Station/A449,203,52 07.502N 002 19.147W,
Greenlaw,GRN,A,A697/A6105,486,55 42.359N 002 27.912W,
Grosmont,GRO,B,Castle,420,51 54.926N 002 51.964W,
Grassington,GRS,C,B6265/River,490,54 04.231N 002 00.264W,
Great Rundale Tarn,GRT,D,Tarn Centre,2215,54 38.911N 002 25.201W,
Grafham Water,GRW,B,SE Tower,200,52 17.387N 000 17.179W,
Grantshouse,GSE,A,A1/A6112 Junction,387,55 52.929N 002 18.344W,
Glassonby,GSS,D#,Intersection of 2 grass runways,597,54 44.284N 002 39.119W,
Grantown,GTN,A,Spey Bridge/A95,591,57 19.295N 003 36.374W,
Great Orme,GTO,A#,Spot height 679ft,679,53 19.953N 003 51.136W,
Great Witley,GTW,C,A443/B4197,210,52 17.340N 002 21.417W,
Guisborough,GUI,C,A173/B1269,233,54 32.712N 001 02.522W,
Guisborough SW,GUW,D,1050 ft spot height,1050,54 30.317N 001 06.442W,
Garve,GVE,A,Rail br over A835,260,57 36.890N 004 41.362W,
Goodwood Grandstand,GWD,C#,Grandstand W,510,50 53.516N 000 44.815W,
Great Yarmouth S,GYS,B,A12/B1370,30,52 34.453N 001 43.320E,
Halton West,HA2,D,Minor T-Junction,282,51 47.183N 000 50.250W,
Hay Bluff,HAB,C,Trig Point top of steep hill,2220,52 01.360N 003 06.165W,
Halesland,HAD,D#,Hangar,870,51 15.607N 002 43.765W,129.980
Halesworth,HAE,B,Station/A144 Bridge,108,52 20.900N 001 30.270E,
Hailsham,HAI,A,A22/A267 R'bout,115,50 52.736N 000 13.930E,
Hawick,HAK,A,A698/A6088,36,55 26.114N 002 45.153W,
Halton,HAL,C##,NE corner of Hangars,370,51 47.215N 000 44.198W,130.425
Harrogate North,HAN,C,A61/B6165,85,54 02.216N 001 33.888W,
Harting,HAR,C,Church Spire,230,50 58.132N 000 53.099W,
Hastings,HAS,A,A21/A2100/B2093,157,50 53.418N 000 33.279E,
Hatherleigh,HAT,A,A3072/River,322,50 49.123N 004 04.417W,
Haverhill,HAV,C#,A143/A604,174,52 05.078N 000 26.225E,
Hawkhurst,HAW,C,A229/A268,203,51 02.835N 000 30.569E,
Hay-on-wye,HAY,A,River Bridge/B4351,295,52 04.577N 003 07.663W,
HB start west,HB1,D#,Church Spire,394,52 25.895N 001 06.757W,
HB start north,HB2,D#,T junction,525,52 29.173N 001 01.725W,
HB start east,HB3,D#,Church Spire,410,52 25.644N 000 57.108W,
HB East,HB4,D#,Peritrack East,505,52 26.393N 001 02.023W,
HB control point east,HB5,D,Lodge,404,52 26.317N 000 53.411W,
HB Finish West,HB7,D#,Western peritrack,505,52 26.362N 001 03.110W,
Haydon Bridge,HBR,A,Road Br over River,69,54 58.407N 002 14.761W,
Herstmonceux,HCX,C,Castle Courtyard,151,50 52.163N 000 20.333E,
Haddington,HDD,B,A1/A6137 Rbt,164,55 57.644N 002 47.416W,
Helmsdale,HDL,A,A9/A897,30,58 06.987N 003 39.030W,
Hardwick,HDW,C,A428 Bridge,207,52 13.216N 000 00.022E,
Hereford Cathedral,HEC,B,Central Tower,161,52 03.249N 002 42.944W,
Heathfield E,HEE,A#,A265/B2095,395,50 58.410N 000 16.048E,
Helensburgh,HEL,D,Pier Land End,49,56 00.085N 004 44.242W,
Hereford Racecourse,HER,A,A49/4103,200,52 04.514N 002 43.323W,
Henstridge,HES,A,A30/A357,180,50 58.772N 002 23.877W,
Heugh Head,HEU,A,A97/A944,1148,57 11.821N 003 01.055W,
Hexham,HEX,A,A69/River Bridge,69,54 59.038N 002 07.489W,
Highham,HGM,B#,A14 J40,215,52 16.005N 000 33.755E,
Hembury Hill,HHL,D,Crossroads,690,50 49.139N 003 15.874W,
Hinton Start W,HI1,D#,Church Spire,279,52 01.278N 001 16.611W,
Hinckley,HIC,A,M69 J1/A5,299,52 30.900N 001 21.687W,
Hinton in the Hedges,HIN,C##!,R/Ws 27/33,500,52 01.598N 001 11.961W,119.455
Hunstanton Lighthouse,HLH,A,Lighthouse,10,52 56.953N 000 29.584E,
Helmsley,HLM,B,River Bridge/A170,118,54 14.639N 001 03.521W,
Harlech South,HLS,A#,Rail/Road Bridge,33,52 50.190N 004 07.430W,
Hungerford North,HNN,A,M4 J14/A338,509,51 27.172N 001 28.972W,
Huntercombe,HNT,D,Prison wall SE,675,51 35.187N 001 01.028W,
Holsworthy,HOL,B,A388/3072,417,50 48.404N 004 20.984W,
Honeybourne,HON,B,Rail/Road Bridge,171,52 06.090N 001 49.983W,
Horncastle,HOR,C,A158/A153,56,53 12.460N 000 06.891W,
Hesket Old Town,HOT,A,A6 T junction,446,54 47.071N 002 48.641W,
Howden Dam,HOW,C,East tower,1050,53 25.684N 001 44.697W,
Harpley,HPY,A,A148 T-junction,256,52 48.209N 000 38.766E,
Horam,HRM,B,A267/B2203 Y-Junction,244,50 56.047N 000 14.600E,
Harrietsham,HRR,A#,Rail Bridge over A 20,371,51 14.527N 000 40.860E,
Hartside Top,HRT,B,A686/Cafe,1886,54 46.184N 002 33.088W,
Hawes,HSE,C,A684/B6255,62,54 18.246N 002 12.224W,
Hathersage,HSG,A,Bridge,443,53 19.304N 001 39.092W,
Hornsea Mere,HSM,A,Roundabout,23,53 54.680N 000 10.509W,
Honington Airfield,HTN,B#,Old airfield fire station,175,52 20.493N 000 46.742E,122.100
Huntly,HTY,A,A96/A97 R'bout,492,57 26.481N 002 47.707W,
Hope Under Dinmore,HUD,B,Entrance to Railway Tunnel,314,52 09.888N 002 43.386W,
Hullavington M4/J17,HUL,A,M4/J17 Interchange,300,51 30.900N 002 07.300W,
Humber Bridge,HUM,A,South Tower,546,53 41.994N 000 26.953W,
Hungerford,HUN,B,Station/A338 Bridge,331,51 24.914N 001 30.939W,
Hurstbourne Tarrant,HUR,C,A343/B3048,341,51 16.568N 001 27.182W,
Husbands Bosworth,HUS,C#,Centre of Hangar complex,505,52 26.442N 001 02.818W,127.580
Havant S,HVS,A,Causeway,10,50 49.899N 000 58.661W,
Havant NW,HVT,A,A3(M)/B2150,194,50 52.563N 001 00.797W,
Haverfordwest,HVW,B#,Bridge,45,51 47.483N 004 58.727W,
Halfway Bridge,HWB,C,A272 Junction,105,50 59.313N 000 40.690W,
Halfway House,HWH,C,Rail/B4387,220,52 41.543N 002 58.145W,
Haltwistle,HWL,A#,Bridge,350,54 57.948N 002 27.109W,
Hay East,HYE,C,Crossroads,328,52 06.175N 003 01.037W,
Ilsley,ILS,C,Church Tower,390,51 31.503N 001 17.455W,
Insch,INC,C,B992/Rail Br,499,57 20.267N 002 37.087W,
Ingleton,ING,C,A65/River Greta Br,360,54 08.973N 002 28.659W,
Inchkinloch,INK,A,Road/River Bridge,377,58 21.858N 004 23.874W,
Inverary,INV,C,A83/A819,39,56 13.913N 005 04.438W,
Ipswich E,IPE,A,A12/A1214,105,52 04.181N 001 16.164E,
Inverness SE,ISE,A#,A9/9154,558,57 25.110N 004 08.061W,
Islip,ISL,A#!,Rail Station,235,51 49.556N 001 14.291W,
Invershin,IVS,A,Rail/River Bridge,35,57 55.435N 004 24.052W,
Ivybridge East,IVY,B,Minor road bridge over A38,312,50 23.235N 003 53.729W,
Iwerne Minster,IWE,C,A350 T junction,256,50 55.810N 002 11.583W,
Jedburgh,JED,A,River/A68,30,55 30.345N 002 34.338W,
Kielder Castle,KCA,C,Road T junct,660,55 13.994N 002 35.263W,
Kincraig,KCG,B#,Spey Bridge,656,57 07.564N 003 55.580W,
Kendal,KDL,A,Rail/river bridge,164,54 20.108N 002 44.751W,
Keevil,KEE,C#,A/F R/Ws 24/20,200,51 18.956N 002 06.515W,129.980
Keswick,KEK,A,A66/A591,295,54 36.572N 003 08.481W,
Kelso,KEL,B,A698/River,30,55 35.706N 002 26.000W,
Kempock Point,KEM,D,Station,49,55 57.750N 004 49.028W,
Kenley,KEN,D##!,A/F R/Ws 21/31,566,51 18.192N 000 05.713W,119.760
Kettering South,KES,A,A14/A509 Rbt,295,52 22.336N 000 42.847W,
Kexby Bridge,KEX,A#,Bridge,33,53 57.103N 000 55.641W,
Kingsclere,KGS,C,A339 Roundabout,295,51 19.786N 001 15.018W,
Kinbrace,KIB,A,Rail/B871,390,58 15.538N 003 56.465W,
Kinclaven,KIC,A,River Tay Bridge,131,56 31.590N 003 22.083W,
Kidderminster,KID,C,B4189/River Br,144,52 24.611N 002 15.081W,
Kielder Reservoir,KIE,A,S end of Dam Wall,72,55 10.705N 002 27.621W,
Kingussie,KIG,C,Station/B970 Br,755,57 04.689N 004 03.153W,
Kirkharle,KIK,C,A696/B6342,112,55 08.223N 001 58.088W,
Kilcreggan,KIL,D,Pier Land End,49,55 59.066N 004 49.230W,
Kingham,KIM,C,Rail/B4450,279,51 54.098N 001 37.664W,
Kineton,KIN,C,B4086/B4451,269,52 09.387N 001 30.599W,
Kippen,KIP,C,B822/B8037,52,56 07.599N 004 10.249W,
Kirton-in-lindsey,KIR,C#,Control Tower,203,53 27.955N 000 34.768W,129.980
Kilham,KLH,C#,B6351T junction,236,55 35.221N 002 11.018W,
Killin,KLN,A,A827/River Dochart,361,56 27.766N 004 19.190W,
Kirkby Lonsdale,KLO,A,Bridge,197,54 11.834N 002 35.470W,
Kinlet,KLT,C,B4363 Junction with B4194,418,52 25.146N 002 24.984W,
King's Lynn,KLY,A,A17 Br over River,66,52 44.376N 000 23.119E,
Kentmere,KME,C,Bridge,525,54 25.696N 002 50.217W,
Kirkmichael,KML,A,A924/B950,689,56 43.202N 003 30.005W,
Kenmore,KMR,A,A827/River,197,56 35.139N 004 00.119W,
Knaresborough,KNA,C,Station,89,54 00.554N 001 28.229W,
Knighton,KNI,C,A488/A4113,299,52 20.637N 003 02.936W,
Knowstone,KNO,D,T junction,690,50 59.686N 003 40.461W,
Knighton West,KNW,C,Rail/Road Bridge,862,52 20.496N 003 11.591W,
Kirkbymoorside,KRB,B,A 170 Roundabout,164,54 15.984N 000 55.829W,
Kirriemuir,KRM,C,A926/B957,295,56 40.433N 003 00.401W,
Kingston Bagpuize,KSB,A,A415/A420 Roundabout,302,51 41.120N 001 24.743W,
Kirkby Stephen Station,KST,A,Rail bridge over A685,820,54 27.325N 002 22.162W,
Keith,KTH,C,Station,262,57 33.088N 002 57.265W,
Kilmington,KTN,D,Church,722,51 07.708N 002 19.626W,
Kinlochewe,KWE,A,A896/A832,100,57 36.269N 005 18.215W,
Knightwick,KWK,C,Road/River Bridge,96,52 11.970N 002 23.376W,
Kibworth,KWO,A,A6/Rail,277,52 32.043N 000 58.663W,
Kyleakin,KYL,B,A87 Roundabout,80,57 16.347N 005 44.694W,
Lasham Start Southeast,LA1,D##,Centre of complex of chicken sheds,538,51 09.832N 000 59.906W,
Lasham Start East,LA2,D##,Concrete Plinth,574,51 11.656N 001 00.639W,
Lasham Church,LA3,C##,Spire,600,51 10.692N 001 02.033W,
Lasham Start South,LA4,C##,A 339 crossroads,581,51 10.185N 001 02.647W,
Lasham West,LA5,D#,Moundsmere Manor Swimming Pool,548,51 11.098N 001 06.360W,
Lasham Start North,LA6,D##,Herriard Church Tower,568,51 12.551N 001 03.076W,
Lauder,LAD,A,A68/A697,545,55 42.896N 002 44.377W,
Llanelli East,LAE,A,A484 bridge,15,51 39.741N 004 04.780W,
Langport,LAG,C,A372/Rail,161,51 02.471N 002 49.181W,
Lairg,LAI,A,A836/A839,280,58 01.450N 004 24.099W,
Lake Alaw Reservoir,LAL,A#,Centre of Dam Wall,128,53 20.431N 004 26.575W,
Lampeter,LAM,B,Bridge,377,52 06.520N 004 04.419W,
Langham,LAN,C#,A/F R/Ws 25/21,20,52 56.325N 000 57.487E,
Lapford,LAP,A,Rail/A377,260,50 51.404N 003 48.598W,
Lattrig,LAR,D,Launch point,1200,54 36.844N 003 06.949W,
Lasham Finish North,LAS,D##,T junction,594,51 11.643N 001 02.000W,131.030
Latheron,LAT,A,A9/A99,255,58 17.014N 003 22.029W,
Launceston,LAU,A,A338 Bridge over A30,502,50 37.788N 004 21.031W,
Longbridge Deverill,LBD,C,A350/B3095,341,51 09.999N 002 11.351W,
Loch Bradan E,LBE,A,E end of dam wall,1033,55 15.159N 004 27.768W,
Lambourn,LBN,A,B4000/B4507,394,51 30.480N 001 31.891W,
Laggan Bridge,LBR,A,Spey Bridge,817,57 01.122N 004 17.021W,
Lochbuie,LBU,C,T junction,10,56 21.354N 005 52.365W,
Leighton Buzzard NE,LBZ,D#,Crossroads,331,51 56.040N 000 38.120W,
Llyn Celyn NW,LCE,G,GNSS point based on Lat/Long,1310,52 57.500N 003 43.500W,
Lanchester,LCH,C,Mast,102,54 49.311N 001 42.956W,
Lower Clopton,LCL,D,N end of village street,195,52 06.509N 001 45.437W,
Lochindorb Castle,LDB,B,Castle on Island,971,57 24.352N 003 42.507W,
Laggan Dam,LDM,B,Dam wall,820,56 53.379N 004 40.408W,
Lindores,LDR,B,A913/B937,246,56 20.313N 003 11.566W,
Lochearnhead,LEA,A,A85/A84,161,56 23.132N 004 17.226W,
Lake Eiddew-bach,LEB,D,Small Lake,1247,52 53.443N 004 00.879W,
Ledbury,LED,C,A438/A417 R'bout,249,52 02.657N 002 26.155W,
Leadenham,LEH,A,Old A17/A607,197,53 03.421N 000 34.960W,
Leicester M1 Services,LEI,A,M1 Services Bridge,299,52 37.123N 001 12.353W,
Leck,LEK,D,T Junction,344,54 11.225N 002 32.811W,
Loch Eil West,LEL,A,Rail/A861 Br,33,56 51.559N 005 20.987W,
Leicester North,LEN,A,Rail Fork,374,52 41.946N 001 05.038W,
Leominster,LEO,A,A44/Rail,220,52 13.896N 002 44.002W,
Loch Errochty East,LER,B,Dam wall centre,1100,56 45.874N 004 06.306W,
Leicester South,LES,A,A 426 bridge over M1,315,52 32.155N 001 10.780W,
Lewes North,LEW,A#,Rail/A275,85,50 54.218N 000 00.558W,
Leyburn,LEY,C,A6018/A684,151,54 18.492N 001 49.458W,
Leighton Buzzard,LEZ,A,A505/A4146,404,51 54.078N 000 38.912W,
Lindisfarne Castle,LFC,A,Castle,26,55 40.139N 001 47.085W,
Llanfyllin,LFN,C,A490/B4391/B4393,194,52 46.151N 003 17.208W,
Loch Laggan North East,LGG,B,Br over R Pattack,820,56 58.500N 004 24.295W,
Lochgilphead,LGI,A,A83/A816,43,56 02.257N 005 26.489W,
Loch Garry N,LGN,C,Small dam,1362,56 49.394N 004 13.504W,
Lochgoilhead,LGO,A,B839 river bridge,25,56 10.487N 004 54.195W,
Lismore,LIS,A,Lighthouse,39,56 27.332N 005 36.460W,
Littleport,LIT,A,A10/River Bridge,23,52 27.895N 000 19.293E,
Liskeard SE,LKD,A,A390 bridge over A38,395,50 27.001N 004 27.240W,
Llangollen,LLA,A,River Bridge,85,52 58.312N 003 10.206W,
Llanbadarn,LLB,C,R Ithon Bridge,951,52 23.384N 003 19.666W,
Llanfair Caereinion,LLC,C,B4389 Br over River,197,52 38.951N 003 19.577W,
Llandovery,LLD,A,Station/A40 Bridge,715,51 59.747N 003 48.120W,
Lleweni Parc,LLE,C#,Hangar,200,53 12.680N 003 23.500W,129.980
Llangynidr Bridge,LLG,A,B4560 Bridge,361,51 52.488N 003 13.984W,
Llanidloes,LLI,A,B4158 Bridge,535,52 27.058N 003 32.349W,
Llanymynech,LLM,C,Golf Clubhouse,626,52 47.426N 003 05.424W,
Llanrwst,LLN,B,Br over R Conwy,35,53 08.204N 003 47.841W,
Llandeilo,LLO,A,Bridge,102,51 52.745N 003 59.739W,
Llantysilio,LLS,A#,A542/A5140/A525 R'bt,1120,53 03.012N 003 12.732W,129.980
Loch Lomond Tarbet,LLT,A,A82/A83,66,56 12.211N 004 42.657W,
Llandrindod Wells,LLW,B,A44/A483,699,52 16.492N 003 20.233W,
Long Marston,LMA,D,R/Ws 22/16,154,52 08.491N 001 45.114W,
Lochmaben,LMB,A,A709/B7020,164,55 07.733N 003 26.484W,
Loch Mullardoch East,LMD,A#,Road T junction,660,57 20.445N 004 56.752W,
Loch Morlich,LMO,D,Clubhouse,984,57 10.061N 003 42.135W,
Ledmore,LMR,A,A835/A837,475,58 03.995N 004 58.344W,
Loch Muick,LMU,C,Glas-Allt-Shiel House,1476,56 55.656N 003 11.458W,
Leominster NW,LMW,A#,A4110/B4362,322,52 16.058N 002 50.659W,
Loch Moy,LMY,D,Castle,656,57 22.932N 004 02.234W,
Lichfield NE,LNE,A#,A38/A513,213,52 43.601N 001 44.795W,
Lochailort,LOA,A,A830/A861,65,56 52.680N 005 39.983W,
Lockerbie,LOC,A,A74(M)/A709,165,55 07.131N 003 21.702W,
Linn of Dee,LOD,A,Road Br over River,1214,56 59.293N 003 32.735W,
Loch Gairloch SE,LOG,A,A382/B8056,75,57 41.629N 005 39.412W,
Loch Laidon Island,LOI,A,Triangular island,935,56 38.862N 004 39.312W,
Loch Kinord,LOK,B,Centre of Island,492,57 05.046N 002 55.493W,
Loch Lochy North East,LOL,B,A82 Br over Caledonian Canal,120,57 02.661N 004 48.227W,
Lake of Menteith,LOM,D,Castle,43,56 10.466N 004 18.105W,
Longleat,LON,B,Bridge over Lake,322,51 11.090N 002 16.343W,
Loch Quoich East,LOQ,B,Power house under dam wall,570,57 04.284N 005 11.023W,
Louth,LOU,A,A631/A157,56,53 21.859N 000 02.039W,
Lowick,LOW,A,A5084/A5092,164,54 15.465N 003 04.700W,
Little Rissington,LRI,A#,Control Tower,730,51 52.178N 001 41.680W,120.775
Lanark,LRK,A#,A72/River Br,49,55 40.554N 003 48.097W,
Llansannan,LSA,C,A544/Minor Road Junction,549,53 10.714N 003 35.832W,
Llandysul,LSL,B#,A486 Bridge,213,52 02.314N 004 18.756W,
Loch Seilich N,LSN,D,Dam wall,1247,56 58.046N 004 02.195W,
Liss,LSS,A,A3/B3006 r'bout,236,51 03.579N 000 53.987W,
Long Sutton,LSU,A,A17/B1390,7,52 46.591N 000 06.815E,
Lincoln Southwest,LSW,A,A46 Br over Rail,154,53 11.493N 000 37.496W,
Langtoft,LTF,B#,T-junction,230,54 05.047N 000 27.364W,
Longtown,LTN,B,Bridge over R Esk,45,55 00.624N 002 58.485W,
Ludlow,LUD,C,"Castle, Inner Bailey",299,52 22.056N 002 43.424W,
Luncarty,LUN,A,A9/B9099/B8063,299,56 26.855N 003 28.347W,
Lussa Loch S,LUS,B,Tower in water at S end of dam,425,55 29.840N 005 37.725W,
Lutterworth,LUT,A,M1 J20/A427,400,52 26.987N 001 11.502W,
Loch Venachar,LVE,D,E end Water Works,43,56 13.713N 004 15.706W,
Lavenham,LVN,C,Church,226,52 06.387N 000 47.484E,
Low Lorton,LWL,B,Bridge,233,54 37.127N 003 18.904W,
Lewes nw,LWN,D,Offham Church Tower,92,50 53.522N 000 00.596W,
Llwyngwril Bridge,LYB,A,River Bridge,22,52 39.938N 004 05.054W,
Leyland North East,LYD,A,M65 (J1) flyover over M6 (J29),197,53 42.955N 002 39.682W,
Lyneham a/f,LYN,A#,24/30 intersection,472,51 30.459N 001 59.737W,
Ladybower Reservoir,LYR,A,A57/A6013,853,53 22.431N 001 41.861W,
Lyveden,LYV,D#,Hangar,279,52 27.949N 000 35.008W,129.980
Machynlleth Station,MAC,B,Rail Station,35,52 35.715N 003 51.282W,
Market Deeping,MAD,A,A15/A16 R'bout,128,52 41.175N 000 19.579W,
Marlborough E,MAE,C,Bridge,387,51 25.439N 001 40.437W,
Market Harborough,MAH,C,Station/A427 Bridge,308,52 28.733N 000 54.588W,
Maidstone East,MAI,C,Leeds Castle N side,374,51 14.979N 000 37.825E,
Malton,MAL,C,Station,174,54 07.904N 000 47.760W,
Malmesbury,MAM,A,A429/B4040 R'bout,269,51 35.449N 002 05.341W,
Manton,MAN,A,A6003/Rail Bridge,338,52 38.185N 000 42.294W,
Marlborough,MAR,C,A345/River Bridge,430,51 24.978N 001 43.975W,
Masham,MAS,C,A6108/River Bridge,85,54 13.574N 001 39.309W,
Matlock,MAT,C,A6/A632/A615,236,53 08.300N 001 33.342W,
Market Weighton,MAW,A,A163/A1079,62,53 52.435N 000 41.954W,
Mablethorpe,MBL,B,A52/A1104,10,53 20.515N 000 15.704E,
Market Bosworth,MBO,A,A447/B585,443,52 37.502N 001 22.613W,
Montford Bridge,MBR,A,Runway intersection,240,52 44.908N 002 50.610W,
Melbury Bubb,MBU,A,A37/Rail,541,50 50.249N 002 34.683W,
Manby,MBY,C,Old Control Tower,60,53 21.620N 000 05.380E,
March,MCH,A,Rail/River Bridge,7,52 33.308N 000 06.196E,
Maidstone North,MDN,C#!,A229 Bridge,321,51 19.116N 000 30.497E,
Measham,MEA,A,M42 J11/A444,364,52 41.335N 001 32.897W,
East Meon,MEE,C,Church,394,50 59.755N 001 01.889W,
Melksham,MEL,C,Station/A365 Bridge,112,51 22.746N 002 08.705W,
Membury,MEM,A,M4 Services Bridge,659,51 28.927N 001 33.385W,
Mendlesham,MEN,C,Tall Aerial Mast,203,52 14.071N 001 06.457E,
Mere,MER,C,Church Tower,348,51 05.360N 002 16.249W,
Melton Mowbray,MET,B,Station/A606 Br,213,52 45.656N 000 52.983W,
West Meon Hut,MEW,A,A32/A272,338,51 01.875N 001 04.505W,
Mexborough S,MEX,B,A6022/A6023,60,53 29.571N 001 17.711W,
Mansfield NE,MFD,A,Rail Junction,220,53 10.878N 001 05.582W,
Margery Hill,MGH,D#,1791ft Spot Height,1791,53 27.460N 001 43.019W,
Minchinhampton,MHT,C,Church.,554,51 42.353N 002 11.175W,
Micheldever,MIC,C#,Rail Bridge,361,51 10.704N 001 15.655W,
Mingary Pier,MIG,A,Sea end of B8007,10,56 41.307N 006 05.629W,
Milfield,MIL,C#,Gliding Site 35/23,150,55 35.335N 002 05.377W,130.105
Midhurst Mast,MIM,C#,376 ft mast,161,51 01.028N 000 42.021W,
Mintlaw,MIN,B,A950/A92,66,57 31.509N 002 00.089W,
Milnthorpe,MIT,A,M6 J36,177,54 14.181N 002 43.070W,
Midhurst West,MIW,C#,River bridge,75,50 59.469N 000 45.458W,
Mellon Charles,MLL,C,Loch,35,57 51.534N 005 38.232W,
Melmerby,MLM,A,A686 crossroads village centre,540,54 43.818N 002 35.952W,
Molton,MLN,A,A361/River Bridge,207,51 01.675N 003 49.480W,
Milton,MLT,A,A833/A831,374,57 20.317N 004 30.825W,
Madley,MLY,A#,Crossroads,260,52 02.671N 002 50.847W,
Maryport NE,MNE,A,A596/B5300,36,54 43.234N 003 28.901W,
Menai Strait,MNS,A,A55 Bridge,45,53 12.962N 004 11.140W,
Millom NW,MNW,A,A595/A5093,59,54 13.758N 003 20.110W,
Monkton,MOK,C#,Rail/Minor road,240,51 20.054N 001 15.677E,
Monmouth,MOM,A,River/A466 Bridge,236,51 48.680N 002 42.556W,
Montgomery,MON,C,B4386/ B4385,223,52 33.765N 003 08.878W,
Muir of Ord,MOO,C,Station,98,57 31.024N 004 27.603W,
Morpeth,MOP,A,A697 br over A1,174,55 11.449N 001 42.922W,
Moreton-in-marsh,MOR,A,Rail/A44 Bridge,440,51 59.413N 001 41.954W,
Mossat,MOS,A,A944/A97,656,57 15.801N 002 52.172W,
Mortimer Church,MOT,D#,Church Spire,295,51 22.569N 001 03.706W,
Moulton Church,MOU,C#,Church tower,148,52 14.953N 000 29.300E,
Moy Lodge,MOY,B,House,837,56 54.991N 004 33.750W,
Margate E,MRE,A,N Foreland Lighthouse,98,51 22.483N 001 26.706E,
Marham,MRM,C##!,A/F R/Ws 24/29,75,52 38.622N 000 32.367E,124.150
Market Rasen,MRN,A,Rail/A631,82,53 23.229N 000 20.074W,
Maryport,MRY,B,A 598 bridge,30,54 42.696N 003 29.824W,
Mansfield SE,MSE,A,A617/A6191,384,53 07.500N 001 08.570W,
Methwold,MTD,C,Road Junction,60,52 31.352N 000 33.517E,
Mottisfont Station,MTF,C#,B3084/rail,80,51 02.037N 001 32.837W,
Moota Hill,MTH,A,A595/B5301,656,54 42.820N 003 19.022W,
Melton Mast,MTM,C,Tall Aerial Mast,213,52 48.068N 000 48.035W,
Montrose,MTR,C,Station,66,56 42.785N 002 28.325W,
Mudford Gate,MUD,D,Old Tollhouse,725,50 54.236N 003 37.324W,
Mumbles Head,MUM,B#,Lifeboat station,30,51 34.194N 003 58.447W,
Mundford,MUN,A#,A134/A1065 Rbt,98,52 30.548N 000 39.364E,
Mursley,MUR,C,White Water Tower,390,51 57.346N 000 48.785W,
Murton,MUT,C#,Murton village,853,54 35.554N 002 25.190W,
Methven,MVN,C,Church Spire,394,56 24.958N 003 34.868W,
Mallwyd,MWD,A,Bridge,262,52 42.010N 003 41.168W,
Middle Wallop,MWP,A##!,Control Tower,300,51 08.963N 001 34.173W,118.600
Mynd S,MY2,D#,Wood,722,52 26.450N 002 56.000W,
Mynd N,MY3,D,Shepherd's Hut,1083,52 36.188N 002 52.400W,
Mynd,MYN,C#,Clubhouse/Hangar,1411,52 31.119N 002 52.857W,129.980
Monzie,MZI,D,River bridge,380,56 24.262N 003 49.142W,
New Abbey,NAB,A,A719 river Br,30,54 58.832N 003 37.384W,
Naseby East,NAE,A,A508 bridge over A14,302,52 23.979N 000 54.978W,
Nailsworth,NAI,B,A46/B4014,190,51 41.719N 002 13.062W,
Narberth N,NAN,A,AA40/A478,295,51 49.002N 004 43.713W,
Naseby West,NAW,A,A5199 bridge over A14,292,52 23.791N 001 01.861W,
Norham Bridge,NBR,A,R Tweed Bridge,150,55 43.139N 002 10.549W,
Newchurch,NCH,C,Church,842,52 08.956N 003 08.827W,
Needles,NDL,A,Lighthouse,1,50 39.740N 001 35.481W,
North Duffield,NDU,B#,A163/minor road,26,53 49.411N 000 57.489W,
New Cumnock,NEC,A#,A76/River,656,55 24.070N 004 10.970W,
New Deer,NED,B,A948/B9170,394,57 30.654N 002 11.596W,
Needham Market E,NEE,A,A14/A140,82,52 08.775N 001 04.777E,
Nefyn,NEF,A#,A497/ B4412,48,52 55.483N 004 32.050W,
New Galloway,NEG,A,A712/River,164,55 04.872N 004 07.891W,
Newmill,NEM,B,Bridge over R Teviot,475,55 23.083N 002 51.753W,
Newbury N,NEN,C,Roundabout,295,51 25.044N 001 19.392W,
Newbury South,NES,A,Bridge over A34,289,51 20.881N 001 20.394W,
Newtown,NET,C,A489/Rail Bridge,246,52 30.786N 003 18.438W,
Newbury Racecourse,NEW,C,W side Grandstands,249,51 23.832N 001 18.514W,
North Hill N,NH2,D#,T junction,785,50 52.542N 003 17.295W,
North Hill,NHL,D##,Gliding Club Hangar,921,50 51.158N 003 16.076W,129.905
Northleach,NLE,A,A40/A429 R'bout,213,51 50.264N 001 50.140W,
Newmarket,NMT,A#!,A14/A142,115,52 16.064N 000 23.582E,
Newcastle on Clun,NOC,B,B4368 crossroads,705,52 26.035N 003 06.574W,
Norman Cross,NOR,A,A1/A15 R'bout,92,52 30.147N 000 17.612W,
Northampton South,NOS,A,M1 J15/A508,292,52 11.150N 000 53.719W,
Northampton West,NOW,A,M1 J16/A45,276,52 13.804N 001 00.963W,
Newport Pagnall,NPT,A,M1 Services Bridge,220,52 05.004N 000 44.896W,
Nunraw Abbey,NRA,D,Northernmost corner of abbey buildings,640,55 55.329N 002 39.157W,
Northallerton,NRT,C,Station,125,54 20.002N 001 26.522W,
Newton Stewart,NST,A,Roundabout,70,54 57.008N 004 28.805W,
N Tawton,NTA,C,Road Junction,445,50 47.987N 003 53.859W,
Nethybridge,NTB,A,River Bridge,689,57 15.891N 003 39.479W,
Neenton,NTN,C,Church,574,52 29.178N 002 32.142W,
Nunney,NUN,B,A359/A361,469,51 12.028N 002 22.689W,
Newark,NWK,A,A1/A46,39,53 05.611N 000 47.190W,
Newent,NWT,C,B4215/B4216(E),187,51 56.025N 002 24.469W,
Nympsfield Finish East,NY1,D#,Site boundary,732,51 43.010N 002 16.517W,
Nympsfield Finish West,NY2,D#,Tumulus,745,51 42.752N 002 17.564W,
Nympsfield,NYM,C#,Clubhouse,700,51 42.914N 002 16.881W,129.980
Oakham E,OAE,A,A606/A6003 rbout,330,52 40.043N 000 42.814W,
Oakington,OAK,A,A604/B1050,148,52 15.448N 000 01.375E,
Oban Airfield,OBA,A##,R/W 19/22,20,56 27.911N 005 23.984W,118.055
Oban Station,OBN,B,Rail Station,33,56 24.728N 005 28.458W,
Odiham,ODI,A##!,A/F R/Ws 28/23,405,51 14.069N 000 57.063W,131.300
Ogbourne,OGB,C,A346 T-junction,450,51 28.040N 001 42.536W,
Okehampton East,OKE,A,B3260 Bridge over A3,394,50 44.388N 003 57.668W,
Ollerton,OLL,A,A614/A616/A6075,197,53 12.059N 001 01.623W,
Olney,OLN,B,Church Spire,161,52 08.991N 000 42.061W,
Old Radnor,ORA,B,A44/B4362,610,52 13.823N 003 05.367W,
Osbournby,OSB,A,A15/A52 R'bout,240,52 55.104N 000 24.388W,
Oswestry,OSW,C,A495/Rail,479,52 52.369N 003 00.614W,
Ottercops Moss,OTM,A#,Spot Height 1083 ft,1083,55 12.039N 002 05.268W,
Oundle,OUN,A,A605/A427 R'bout,249,52 29.285N 000 27.551W,
Ousby E,OUS,D,Crossroads,623,54 42.351N 002 34.758W,
Overton,OVE,A,Rail/B3051,360,51 15.195N 001 15.841W,
Oxford East,OXF,A,A40/A4142 R'bout,269,51 45.780N 001 11.824W,
Oxford M40 Services,OXM,A,Bridge over M40,213,51 44.403N 001 05.726W,
Oxford North,OXN,A,A34/A44 R'bout,299,51 47.675N 001 17.159W,
Oxford South,OXS,C,River/A4074 Bridge,289,51 43.499N 001 14.488W,
Oxton,OXT,A,A68/A697,82,55 46.275N 002 47.282W,
Pateley SE,PA2,D,T junction,365,54 04.465N 001 44.407W,
Paddock Wood,PAD,C#,Station/B2160 Bridge,367,51 10.954N 000 23.197E,
Pangbourne,PAN,B#,Br over R Thames,140,51 29.217N 001 05.133W,
Papworth,PAP,A,A1198/B1040,115,52 15.394N 000 07.392W,
Parham,PAR,D#,Clubhouse,110,50 55.317N 000 28.436W,129.980
Pateley Bridge,PAT,A,B6265 br over River,360,54 05.117N 001 45.690W,
Pencombe,PCM,C,Crossroads,486,52 10.278N 002 35.250W,
Porthcawl North,PCN,A,M4 J37,85,51 30.968N 003 41.644W,
Portmoak Caravan Site,PCS,D#,Centre of Caravan Site,360,56 11.558N 003 19.957W,
Pontefract,PCT,A,M62 J33/A1,30,53 41.750N 001 16.071W,
Porthmadog East Bridge,PEB,A,Road/Rail Bridge,20,52 55.477N 004 03.332W,
Peebles,PEE,B,B7062/River Br,30,55 39.075N 003 11.565W,
Penrith,PEI,A,M6 J40/A66,144,54 39.191N 002 45.612W,
Pembroke Dock,PEM,A,A477 bridge,65,51 42.406N 004 56.016W,
Pendock,PEN,C,B4208 br. over M50,200,51 59.723N 002 19.074W,
Peterborough,PET,B,Stn/A1179 Br,33,52 34.408N 000 14.949W,
Peveril Castle,PEV,C,Castle,1050,53 20.393N 001 46.655W,
Pewsey,PEW,B,Rail br over Road,420,51 20.558N 001 46.215W,
Pitsligo,PGO,B,A950/B9093,525,57 35.290N 002 11.289W,
Pickenham,PIC,C,Mast,131,52 38.080N 000 43.394E,
Penrith East,PIE,A,W end of lake,354,54 40.088N 002 41.712W,
Pitsford,PIT,A!#,Causeway W,299,52 19.452N 000 51.374W,
Pickering,PKG,C,A169/A170,348,54 14.648N 000 46.505W,
Peterlee,PLE,A#!,A19/A181,102,54 44.276N 001 21.838W,
Plumpton,PLM,A,A6/B6413,453,54 43.576N 002 46.837W,
Pluckley,PLU,C,Station,302,51 09.383N 000 44.852E,
Pitlochry,PLY,C,Loch Faskally dam,197,56 41.964N 003 44.429W,
Pontsticill Reservoir,PNS,A,W end of dam wall,1079,51 47.868N 003 21.959W,
Portsmouth N,PNT,A#,A3/B2177,280,50 51.205N 001 03.181W,
Parham NW,PNW,D#,Farmhouse,110,50 55.670N 000 28.640W,
Portmoak NW,PO1,B#,Castle Keep,360,56 12.052N 003 23.521W,
Portmoak W,PO2,B#,Coastline,360,56 11.477N 003 20.995W,
Potarch Bridge,POA,A#,B993 Br over R Dee,330,57 03.905N 002 38.932W,
Pocklington,POC,C#,A/F R/Ws 19/31,87,53 55.559N 000 47.687W,118.685
Pontypool Folly,POF,D,Tower,958,51 43.008N 003 01.289W,
Pontesbury Hill,POH,A,1049 Spot Height,1049,52 38.283N 002 52.444W,
Polegate,POL,C,A22/Rail,125,50 49.276N 000 14.276E,
Popham,POP,A,M3 J8/A303,499,51 12.063N 001 11.459W,
Portmoak Clubhouse,POR,C#,Clubhouse,360,56 11.328N 003 19.311W,129.980
Potton,POT,C,Aerial Mast,174,52 07.810N 000 14.514W,
Powburn,POW,C,River/A697,49,55 26.881N 001 54.544W,
Pontypool E,PPE,A,Reservoir Dam W,249,51 40.903N 002 58.750W,
Pontypool N,PPN,C,Canal Bridge,335,51 43.131N 003 00.692W,
Port Appin,PPP,C,Pier House,35,56 33.277N 005 24.621W,
Park Control Point E,PR1,D,Y-junction,656,51 08.166N 002 09.717W,
Presteigne,PRE,C,River Bridge,308,52 16.527N 003 00.189W,
Prince's Risborough,PRI,A#,Rail Junction,377,51 43.203N 000 50.676W,
"Park, the",PRK,D#,Hangar,697,51 07.830N 002 14.420W,118.685
Preston North,PRN,A,A6 br over rail,80,53 50.235N 002 44.364W,
Portree,PRT,B,Tower,70,57 24.644N 006 11.479W,
Pershore se,PSE,A,Road Br over River,167,52 06.243N 002 04.281W,
Portesham,PSH,B,B3157 crossroads,220,50 40.171N 002 33.879W,
Pontardulais,PTD,A,M4 J48,98,51 42.562N 004 03.615W,
Port Eynon,PTE,B,Roundabout,20,51 32.659N 004 12.617W,
Petersfield South,PTF,A,A3/Rail Bridge,246,50 59.095N 000 57.487W,
Perth,PTH,A,M85/River Br,108,56 22.797N 003 24.527W,
Porthmadog,PTM,A,A487/A498,36,52 56.366N 004 08.513W,
Pirton,PTN,C,Crossroads,130,52 07.500N 002 10.662W,
Portsmouth Tower,PTR,A,Tower,380,50 47.735N 001 06.512W,
Petersfield West,PTW,A,A3/A272,243,51 00.496N 000 57.190W,
Penwhirn Reservoir,PWN,A,S side of Dam Wall,33,54 59.023N 004 55.506W,
Pwllheli West,PWW,A#,A497/B4415,46,52 53.749N 004 27.162W,
Plymouth E,PYE,A,A38/A374,60,50 23.477N 004 05.210W,
Pen-y-Fan,PYF,C,Trig point,2907,51 53.051N 003 26.212W,
Prestatyn S,PYS,D#,T junction,280,53 19.409N 003 23.958W,
Plymouth W,PYW,A,A38/A388,164,50 25.137N 004 14.049W,
Ramsbury,RAB,C,River Bridge,360,51 26.514N 001 36.067W,
Radstock,RAD,A,A366/A362/B3139,433,51 16.747N 002 24.600W,
Raglan,RAG,A,A40/A449,279,51 46.025N 002 50.070W,
Ramsey,RAM,C,B1040/B1096,108,52 26.906N 000 06.356W,
Rannoch Station,RAN,A,Rail Station,968,56 41.153N 004 34.601W,
Ravensthorpe Reservoir,RAR,B,Bridge,351,52 20.024N 001 00.660W,
Ravenglass N,RAV,A,Bridge,26,54 21.984N 003 23.735W,
Roybridge,RBR,A,River bridge,312,56 53.443N 004 50.462W,
Rosebush,RBS,A,B4313/B4329,815,51 56.135N 004 49.309W,
Rothbury,RBY,C,B6341/B6342,118,55 18.600N 001 54.610W,
Rattlesden A/F Centre,RDN,C#,Centre of Airfield,284,52 10.083N 000 51.903E,129.980
Radway,RDW,A,B4086 T Junction,650,52 07.863N 001 26.696W,
Reading West,REA,A#,M4 J12,165,51 26.337N 001 03.939W,
Reedham,REE,C,Rail Junction Bridge,118,52 33.821N 001 34.204E,
Rattray Head,RHD,A,Lighthouse,98,57 36.616N 001 48.994W,
Rhigos,RHI,D#,Building by footpath.,780,51 44.770N 003 34.910W,
Rhossdhu House,RHO,D,N Side of House,49,56 04.234N 004 37.989W,
Rhuddlan,RHU,A,A525 Br. over river,108,53 17.484N 003 28.417W,
Rhayader,RHY,C,B4518/River Bridge,289,52 17.961N 003 30.836W,
Rivar Hill North,RI2,D#,T junction,453,51 21.832N 001 33.056W,
Richmond,RIC,A,A6136 Bridge,130,54 24.237N 001 43.848W,
Ridgewell Church,RID,C#,Church,273,52 02.331N 000 32.121E,
Ringmer,RIN,C#,Gliding Site Hangar,72,50 54.575N 000 06.430E,129.980
Ripon,RIP,B,Cathedral Tower,102,54 08.105N 001 31.237W,
Rivar Hill,RIV,D#,Centre of Airfield,682,51 20.500N 001 32.566W,129.980
Ridgewell Field,RIW,D#,NE end of grass airstrip,273,52 02.846N 000 33.533E,118.685
Rugby Northeast,RNE,A,M1 J19/M6,279,52 24.224N 001 10.592W,
Rhynie,RNI,C,A97/A941,492,57 19.923N 002 50.027W,
Roadford,ROA,C,Reservoir Tower,463,50 41.345N 004 14.140W,
Rochester,ROC,A#!,M2 J4/ A278,417,51 20.167N 000 35.089E,
Rodney's Pillar,ROD,D,Tall monument,1198,52 43.365N 003 02.709W,
Rothes,ROH,B,A941/B9015,131,57 31.890N 003 12.505W,
Ross-on-wye,ROS,A,A40/A49/A449,141,51 54.965N 002 36.054W,
Rotherham,ROT,A#,M18 J1/A631,135,53 25.419N 001 15.079W,
Rougham Field,ROU,C#,W end of peritrack S of Highfield Farm,184,52 14.912N 000 46.000E,123.165
Royston,ROY,B,Station Bridge,112,52 03.192N 000 01.586W,
Redruth SE,RSE,A,A393/B3298,180,50 12.921N 005 10.609W,
Rosneath,RSN,D,Pier Land End,49,56 00.338N 004 47.629W,
Rothesay,RSY,A,A844/B881,43,55 50.253N 005 03.255W,
Rosthwaite,RTH,B,Bridge,312,54 31.549N 003 08.962W,
Rufforth South,RU1,D#,Pub,101,53 54.959N 001 10.524W,
Rubha Reidh,RUB,A,Lighthouse,150,57 51.523N 005 48.704W,
Rufforth,RUF,C#,A/F R/Ws 29/35,65,53 57.100N 001 11.332W,129.980
Rugby,RUG,A,A426 Br over M45,262,52 20.014N 001 17.697W,
Ruthin NE,RUN,C,Tower,1818,53 09.267N 003 15.357W,
Rushden,RUS,A,A6/River Bridge,226,52 19.458N 000 35.905W,
Ruthin West,RUW,B,A494 Roundabout,197,53 06.653N 003 19.226W,
Ruthven,RVN,D,Ruins,780,57 04.320N 004 02.360W,
Rutland Water Dam,RWD,A#,Dam,281,52 39.837N 000 36.730W,
Rydal Bridge,RYB,C,Bridge,220,54 26.910N 003 00.414W,
Ryde,RYD,B,Roundabout,10,50 43.886N 001 09.374W,
Rye,RYE,B,River/Rail Bridge,33,50 57.323N 000 44.327E,
Sackville,SAC,D#,Gliding Site,250,52 15.867N 000 29.090W,135.480
Salisbury Cathedral,SAL,A,Tall Spire,151,51 03.885N 001 47.839W,
Sandhill Farm,SAN,D#,Gliding Site Hangar,350,51 36.234N 001 40.591W,129.980
Shap,SAP,A,A6/Rail,880,54 32.111N 002 40.730W,
Sarnesfield,SAR,C,A4112/A480,312,52 09.092N 002 55.227W,
Salisbury South,SAS,C,Bridge over River Avon,322,51 02.348N 001 45.364W,
Sandwich,SAW,A,A256/A257 R'bout,240,51 16.763N 001 19.290E,
Saxthorpe,SAX,C,B1149/B1354,135,52 49.825N 001 08.350E,
Saltby NW,SB2,B,Croxton Kerrial village T junction E,490,52 51.208N 000 45.463W,
Strubby,SBB,C#,R/Ws 26/32,47,53 18.457N 000 10.043E,129.980
Santon Bridge,SBR,C#,Bridge,85,54 24.119N 003 22.332W,
Saltby,SBY,A#,R/W Triangle,480,52 49.718N 000 42.860W,129.980
Scarborough,SCB,A,Lighthouse,131,54 16.916N 000 23.351W,
Scalford Church,SCF,C,Church Tower,379,52 48.558N 000 52.183W,
Scoulton,SCL,C,T Junct SE of Lake,167,52 34.284N 000 56.141E,
Strathcarron,SCN,A,Rail br over A890,50,57 25.341N 005 25.736W,
Scourie,SCO,A,A894 T junction,20,58 21.089N 005 09.314W,
St Catherine's Point,SCP,A,Lighthouse,30,50 34.530N 001 17.910W,
Scunthorpe N,SCU,B#,A1077/B1430,131,53 36.256N 000 39.166W,
St Davids,SDV,B,Cathedral Tower,164,51 52.902N 005 16.133W,
Seighford Hangar,SE2,C#,SE side of club hangar,321,52 49.666N 002 12.553W,129.980
Seaford East,SEA,A,A259 river Bridge,15,50 46.395N 000 08.760E,
Sedbergh,SED,B,A684/River,39,54 19.476N 002 34.066W,
Selset Reservoir,SEL,A,Dam wall north end,1050,54 35.362N 002 07.649W,
Sennybridge,SEN,C,A40/A4067,625,51 57.002N 003 33.717W,
Settle,SET,A,Rail Br over A65,75,54 03.008N 002 17.162W,
Severn Bridge N,SEV,B,East End Tolls,243,51 36.204N 002 37.371W,
Sheffield West,SEW,B,Dam wall,1076,53 21.941N 001 35.743W,
Stamford Bridge,SFB,A,A166/River Bridge,62,53 59.473N 000 55.005W,
Sleaford,SFD,A,Rail/Rail Bridge,207,52 59.626N 000 23.301W,
Sheffield East,SFE,A#,M1 J31/A57,174,53 21.731N 001 17.010W,
Stratford West,SFW,A,Road Bridge over R Avon,148,52 10.548N 001 47.380W,
Stelling Windmill,SGW,D,Windmill,476,51 10.640N 001 04.156E,
Shobdon NW,SH2,D##,B4362 crossroads,475,52 15.681N 002 55.530W,
Shobdon E,SH3,D,Crossroads,290,52 16.265N 002 46.822W,
Shobdon West,SH4,D,Y junction,250,52 14.450N 002 58.490W,
Shaftesbury,SHA,A,A30/A350 R'bout,650,51 00.120N 002 11.079W,
Sherborne,SHB,A#!,Station/A352 Bridge,161,50 56.428N 002 31.244W,
Stoer Head,SHD,B,Lighthouse,92,58 14.402N 005 24.162W,
Sheffield North,SHE,A,M1 J35/A629,135,53 27.354N 001 26.728W,
Shirebrook Station,SHI,A,Rail Station,223,53 12.198N 001 12.170W,
Salt Hill Mast,SHL,D,Mast near 768ft high point,240,50 58.409N 001 02.425W,
Shepton Mallett,SHM,C,A361/A37,489,51 11.261N 002 32.166W,
Shobdon,SHO,A##,E end of single R/W,328,52 14.524N 002 52.466W,118.155
Shipston-on-stour,SHP,A,A3400/A429,171,52 05.831N 001 37.742W,
Shrewsbury,SHS,B,River Severn/Rail Br,171,52 42.626N 002 44.882W,
Shottaton,SHT,C,Cross-Roads,303,52 47.911N 002 57.028W,
Shrivenham N,SHV,B,A420/B4508 R'bt,335,51 36.934N 001 38.195W,
Shrewsbury NW,SHW,D,Shelton water tower,272,52 42.986N 002 47.624W,
Shawbury,SHY,A##!,Runway Intersection 18/36 & 05/23,240,52 47.876N 002 40.080W,133.150
Sidmouth,SID,B,River Bridge,30,50 40.745N 003 14.054W,
Silverstone,SIL,C#,R/W 24 E end /Racetrack,502,52 04.376N 001 00.496W,
Stirling South,SIS,A#,M9 J9/A872,118,56 04.651N 003 55.216W,
Sittingbourne,SIT,A,M2 J5/ A249,407,51 19.770N 000 39.804E,
Stirling Northwest,SIW,A,A84 bridge over M9at Junction 10,105,56 08.070N 003 58.273W,
Sixpenny Handley,SIX,A,A354/B3081,390,50 56.946N 001 59.160W,
Stickney Bridge,SKB,A,Bridge,10,53 04.022N 000 00.929E,
Skeffington,SKE,C,A47/B6047,384,52 37.155N 000 55.336W,
Skelling Farm,SKF,D,Flying field,597,54 41.876N 002 35.002W,129.980
Stocks Reservoir South West,SKS,A,Tower near dam wall SW corner of water,625,53 59.208N 002 25.728W,
Selkirk W,SKW,A,A708/B7039,492,55 32.628N 002 54.020W,
Sleap,SLE,C##,A/F R/Ws 23/36,275,52 50.072N 002 46.221W,122.455
Silloth,SLL,B,B5300/B5301,23,54 51.618N 003 23.085W,
Selsey Bill,SLS,B,Lifeboat station,30,50 43.634N 000 46.732W,
Smailholm Tower,SMA,D,Tower on hill,680,55 36.256N 002 34.559W,
Six Mile Bottom,SMB,A#!,A11/Rail Br,98,52 11.147N 000 17.936E,
St Mary's Loch,SML,A,A708/River Br,30,55 29.541N 003 12.283W,
Snitterfield SW,SN2,D#,T junction A3400/minor road East,280,52 13.374N 001 44.126W,
Snainton,SNA,A,A170/B1258,220,54 13.716N 000 35.718W,
Snitterfield,SNI,D#,Gliding Site Hangar,375,52 14.136N 001 42.645W,129.980
Swindon N,SNO,B,A419/B4019,480,51 36.535N 001 47.269W,
Staindrop,SNP,C,A688/B6274,95,54 34.881N 001 47.902W,
St Neots S,SNS,B,A1/A421,72,52 11.074N 000 18.321W,
Stratford NW,SNW,D#,Wilmcote village T Junction,195,52 13.215N 001 45.699W,
Stratford,SOA,A,River/A422 Bridge,121,52 11.481N 001 42.004W,
Sutton-on-forest,SOF,C,B1363 T Junction,72,54 04.510N 001 06.089W,
Soham,SOH,A#!,A1123 Br over rail,102,52 18.943N 000 20.453E,
Stokenchurch South,SOS,A,B482 bridge over M40,690,51 38.822N 000 53.433W,
Southam,SOU,C,A425/A423 Rbt,217,52 14.769N 001 23.461W,
Spalding,SPA,C,Station/A151 Bridge,23,52 47.187N 000 09.561W,
Sharperton Bridge,SPB,A#,Over River Coquet,417,55 19.685N 002 04.363W,
Spey Dam,SPD,B,Dam wall,886,57 00.670N 004 20.186W,
Spean Bridge,SPE,A,A86/A82,617,56 53.582N 004 55.202W,
Staplehurst,SPH,A#,Stn/A229 Br,121,51 10.275N 000 33.119E,
Spilsby,SPI,C,A16/A158,46,53 11.385N 000 06.148E,
Spittal of Glenshee,SPL,A,"A93 Br over Shee Water, Caution - rugged terrain.",1100,56 48.742N 003 27.455W,
Spinningdale Bridge,SPN,A,A949 over river,30,57 52.623N 004 14.190W,
Sheppey E,SPP,B,Roundabout,16,51 22.389N 000 57.028E,
Shap S,SPS,A,Centre of dam wall,920,54 29.871N 002 41.542W,
Shipton,SPT,C,B4368/B4378,269,52 31.177N 002 38.993W,
Spurn Head North,SPU,C,Kilnsea,5,53 37.194N 000 07.763E,
Stroud E,SRE,D,Y junction,656,51 44.698N 002 11.425W,
Strontian,SRN,A,A861 br over R Strontian,30,56 41.755N 005 34.281W,
Storrington SW,SRR,D,Roundabout,558,50 54.123N 000 28.687W,
Sheffield South,SSO,C,A61/A6102,591,53 19.601N 001 28.410W,
Stoke SW,SSW,A,Bridge over M6,518,52 59.623N 002 17.366W,
Stafford,STA,A,M6 J14/A5013,259,52 49.585N 002 08.751W,
St Boswells,STB,A,A68/699,43,55 33.967N 002 38.872W,
Stokenchurch Tower,STC,C,Tower,794,51 39.914N 000 55.480W,
Stradishall,STD,C,A143/B1063,184,52 08.886N 000 33.186E,
Steyning,STE,C,Church Tower,59,50 53.398N 000 19.498W,
St Fillans,STF,A,River Earn Bridge,66,56 23.489N 004 06.253W,
Stanhope,STH,C,B6278/River Bridge,690,54 44.802N 002 01.489W,
Stirling,STI,C,Wallace Monument,92,56 08.314N 003 55.070W,
Stockbridge,STK,A,A30/R Test Bridge,121,51 06.884N 001 29.876W,
St Neots,STN,A,A428/Rail bridge,79,52 12.575N 000 15.704W,
Stone,STO,C,Station,249,52 54.493N 002 09.311W,
Stourport,STP,B,A451/River Bridge,144,52 20.216N 002 17.011W,
Strachan,STR,B#,B976/B974,131,57 01.226N 002 32.195W,
Stony Stratford,STS,A,A5/A508 R'bout,420,52 03.982N 000 52.172W,
Stretton,STT,A,A1/B668,338,52 44.061N 000 36.011W,
Sturminster Newton,STU,C,A357/B3092,151,50 55.254N 002 18.486W,
Stow-on-the-wold,STW,C,A436/A429,217,51 55.754N 001 43.479W,
Sutton Bank Start S,SU1,C#,Newburgh lake,223,54 10.996N 001 10.389W,
Sutton Bank Start W,SU2,C#,A170 T junction,226,54 13.889N 001 17.550W,
Sutton Bank Control Point N,SU3,D#,Wethercote Farm,869,54 16.147N 001 11.786W,
Sutton Bank Control Point S,SU4,D#,T junction,138,54 11.463N 001 14.438W,
Sudbury,SUD,A#,A131/River bridge,174,52 02.104N 000 43.263E,
Sutton Bank,SUT,A#,Clubhouse,920,54 13.728N 001 12.580W,118.685
Shipton under Wychwood,SUW,A,A361/River Bridge,330,51 51.696N 001 35.619W,
Strathaven,SVN,A#,A71/A726,95,55 40.521N 004 03.869W,
Snowdon,SWD,B,Station,3480,53 04.078N 004 04.695W,
Swindon East,SWE,A,A419/Rail Bridge,331,51 34.673N 001 44.100W,
Shawhead,SWH,B,T-junction,331,55 03.904N 003 46.135W,
Swalcliffe,SWL,B,B4035 T junction,427,52 02.297N 001 27.148W,
Southwell Minster,SWM,B,Centre Tower,197,53 04.606N 000 57.250W,
Swindon South,SWS,A,M4 J15/A345,390,51 31.596N 001 43.513W,
Swainsthorpe,SWT,D#,Rail/Road,64,52 33.754N 001 16.235E,
Swindon W,SWW,A,M4 J16,361,51 32.717N 001 51.228W,
Saxby Church,SXB,C,Church Tower,346,52 46.328N 000 47.186W,
Syre Bridge,SYB,A,River Bridge,161,58 22.288N 004 13.919W,
Talgarth NW,TA1,B,A479/A438 Rbout,420,52 00.275N 003 14.686W,
Talgarth W,TA2,A,A470 T Junction,482,51 59.910N 003 17.050W,
Talgarth S,TA3,D,A479 T junction,590,51 55.748N 003 11.326W,
Tarland,TAD,C,Church Spire,525,57 07.809N 002 51.171W,
Talgarth,TAL,D#,Clubhouse,970,51 58.774N 003 12.366W,118.685
Tarbert,TAR,D,Pier,36,55 51.935N 005 23.829W,
Taunton,TAU,A,M5 J25/A358,276,51 01.074N 003 03.827W,
Tavistock,TAV,B,A386 Bridge,295,50 32.616N 004 09.072W,
Tibenham Start SE,TB1,A#,Rail/B1134,174,52 26.824N 001 10.481E,
Troutbeck,TBK,A,A66/A5091,919,54 38.176N 002 56.941W,
Tetbury North,TBN,B,Road Junction,405,51 38.866N 002 08.628W,
Tetbury South,TBS,B,Church,484,51 35.136N 002 15.474W,
Tetbury West,TBW,B#,Chavenage House,489,51 39.322N 002 11.189W,
Tenby,TBY,B,Rail bridge,157,51 40.659N 004 42.829W,
The Camp,TCM,D,Y junction,863,51 46.724N 002 07.538W,
Tindale,TDL,C,A689 T junction,623,54 55.852N 002 36.075W,
Tebay,TEB,A,M6 J38/A685,541,54 26.197N 002 35.861W,
Tenterden,TED,A,A28/Rail Bridge,174,51 03.855N 000 39.574E,
Telford East,TEE,A,A5/A41,331,52 41.717N 002 19.200W,
Telford,TEL,A,M54 J7/A5/B5061,240,52 41.441N 002 32.594W,
Tenbury Wells,TEN,B,A4112/River Bridge,266,52 18.836N 002 35.696W,
Telford South,TES,B,Bridge,98,52 36.941N 002 26.530W,
Teviothead,TEV,C,R Teviot Bridge,560,55 20.522N 002 56.144W,
Tewkesbury North,TEW,A,M5 J8/M50,174,52 02.868N 002 08.117W,
Tarfside,TFS,D,River/Road Bridge,689,56 54.368N 002 50.155W,
Thame Church,THA,C,Church Tower,377,51 45.054N 000 58.860W,
Todhead,THD,A,Lighthouse,262,56 53.015N 002 12.917W,
Thetford,THE,A,A1066/A1088,128,52 24.703N 000 45.771E,
Thorngumbald,THG,C,Crossroads,10,53 43.258N 000 10.265W,
Thirsk,THI,A#,A170/A19,108,54 14.067N 001 19.579W,
Thame Rail Bridge,THM,A,A418/Rail Bridge,289,51 46.542N 000 57.009W,
Thornhill,THN,A,A702/River,20,55 14.418N 003 46.648W,
Thornton,THO,A,A92/Rail Bridge,351,56 09.777N 003 08.273W,
Thrapston,THP,A,A14/A605 Junction,266,52 23.476N 000 31.431W,
Tintern Abbey,TIA,D,Centre of ruined abbey,35,51 41.805N 002 40.615W,
Tibenham,TIB,C#,Clubhouse,186,52 27.449N 001 09.695E,129.980
Tideswell Church,TID,B#,Church tower,978,53 16.720N 001 46.350W,
Tiverton East,TIE,A,M5 J27/A361,502,50 55.049N 003 21.367W,
Tomatin,TIN,B,A9/River Bridge,984,57 20.150N 003 58.867W,
Tiptree,TIP,C#,Crossroads,220,51 49.008N 000 44.675E,
Tisbury,TIS,C,Rail Br. over Road,318,51 03.537N 002 04.886W,
Tiverton,TIV,C,A361/A396,407,50 54.830N 003 29.546W,
Thornbury Northeast,TNE,A,M5 J14/B4509,384,51 38.253N 002 27.126W,
Telford NW,TNW,A,A442/B5062,177,52 45.550N 002 32.947W,
Tockwith,TOC,C,Church Spire,75,53 57.918N 001 17.463W,
Toddington,TOD,A#,M1 Services Bridge,299,51 56.853N 000 30.142W,
Tongue,TOG,A,A836 T junction,150,58 28.565N 004 25.061W,
Torksey Viaduct,TOK,A,Viaduct,13,53 18.171N 000 44.839W,
Tomintoul,TOM,C,A939/B9008,1312,57 15.182N 003 22.360W,
Tontine Inn,TON,A,A172 bridge over A19,180,54 23.415N 001 19.140W,
Torver,TOR,A,A593/A5084,351,54 20.284N 003 06.146W,
Towcester,TOW,A,A5/A43 Rbt,289,52 08.378N 000 59.811W,
Tregaron,TRE,A,Bridge,574,52 13.195N 003 56.051W,
Turriff,TRF,A,A947/B9024,197,57 31.998N 002 27.686W,
Trowbridge,TRO,C,Station/ A366 Bridge,121,51 19.147N 002 12.809W,
Truro NE,TRR,A,A39/A390,245,50 16.334N 005 02.077W,
Truleigh,TRU,D#!,Aerial W,708,50 53.007N 000 15.614W,
Truro West,TRW,A,Rail Junction,15,50 15.489N 005 04.457W,
Treyford,TRY,D,T junction,194,50 57.558N 000 49.617W,
Telford SW,TSW,A,A4169 Bridge,180,52 38.183N 002 31.552W,
Tuxford Rail Junction,TUJ,A,Rail/Rail Crossing,154,53 13.534N 000 52.656W,
Tulla Loch East,TUL,C,A82/E end,361,56 33.290N 004 44.944W,
Tummel Bridge,TUM,A,B846/River,492,56 42.472N 004 01.410W,
Tulla Loch West,TUW,A,River Shira Bridge,558,56 32.384N 004 48.812W,
Ullswater,ULL,A,A592/B5320,66,54 36.677N 002 49.931W,
Ulpha,ULP,B,Bridge,213,54 19.585N 003 14.228W,
Ulverston,ULV,C,Monument,62,54 12.152N 003 04.973W,
Upavon Hangar W,UPA,C#,SE corner of west hangar,575,51 17.419N 001 46.738W,124.100
Ullapool,UPL,A,A835 bridge,65,57 54.275N 005 09.624W,
Uppingham N,UPP,A,A47/A6003,410,52 35.780N 000 43.502W,
Upper Sapey,UPS,C,Crossroads,546,52 16.038N 002 27.726W,
Upwood Hangar,UPW,C#,Centre of club hangar SW end of grass runway,75,52 25.947N 000 08.851W,129.980
Usk,USK,D#,Clubhouse,80,51 43.096N 002 50.776W,129.980
Uttoxeter,UTT,A,B5017/Rail Bridge,236,52 53.782N 001 51.587W,
Uffington White Horse,UWH,B,Head of White Horse,785,51 34.670N 001 33.987W,
Vyrnwy,VRY,A,Dam Wall NE Side,167,52 45.766N 003 27.245W,
Waterbeck,WAB,B,B725/B722,355,55 05.117N 003 11.096W,
Walford,WAL,C,A4113/B4530,299,52 20.912N 002 53.702W,
Wantage,WAN,B,A338 roundabout,322,51 35.852N 001 25.374W,
Watton,WAO,A,R/W 28/10 W End,207,52 33.845N 000 50.932E,
Warcop,WAR,C#,Bridge over R Eden,475,54 31.832N 002 23.909W,
Washington,WAS,A,A24/A283 Roundabout,102,50 54.574N 000 24.483W,
Watford Gap,WAT,A,M1 Serv/B5385 Br,276,52 18.537N 001 07.432W,
Watch Water Reservoir,WAW,B,Northernmost point of reservoir,896,55 48.170N 002 32.459W,
Whiteburn,WBN,A,A697/A6089,690,55 43.140N 002 39.116W,
Weldon Bridge,WBR,A,A697/River Coquet,164,55 16.881N 001 46.971W,
Wetherby South,WBS,A,A1 Bridge over A64,52,53 51.359N 001 20.647W,
Whitby Bridge,WBY,A,A171 bridge over river Esk,50,54 28.726N 000 36.825W,
Winchcombe,WCB,C,Rail/A3632 Br,161,51 57.947N 001 57.316W,
Woodchurch Farm,WCH,D#,Grass Airstrip,140,51 06.000N 000 46.720E,
Widdrington Station,WDD,A,Rail/B1337,157,55 14.488N 001 37.007W,
Witheridge,WDG,A,T-junction,663,50 54.668N 003 41.812W,
Windermere,WDM,B,A592/A5074,148,54 21.853N 002 55.190W,
Waldershare Park,WDP,D#,Gliding Site,375,51 10.310N 001 16.559E,
Westbury NE,WEB,A,Building,220,51 16.406N 002 09.545W,
Westcott,WEC,A,A41/Dis Rly,374,51 51.424N 000 58.699W,
Wellington,WEG,A,B3187 br over Rail,469,50 59.087N 003 14.381W,
Welford,WEL,C,Church Spire,285,51 27.341N 001 24.782W,
Wendling,WEN,B,Old runway intersection,236,52 41.950N 000 50.897E,
Westbury,WES,C,Rail Triangle/Bridge,200,51 16.327N 002 11.652W,
Wetherby,WET,A,A1/River bridge,43,53 55.351N 001 22.941W,
Weymouth,WEY,B,A353 bridge,30,50 36.812N 002 27.503W,
Wigton,WGT,A,Rail station,98,54 49.762N 003 09.852W,
Wing W,WGW,C,West end of old runway,460,51 54.046N 000 45.851W,
Whitchurch Hants,WH2,A,A34/Rail,360,51 14.290N 001 20.754W,
Whiddon Down,WHD,A,A30 Bridge,361,50 43.257N 003 50.939W,
Whitchurch Shropshire,WHI,A,A525/Rail Br,331,52 58.031N 002 40.306W,
Whitehaven Marina,WHM,B,Marina entrance,10,54 32.994N 003 35.365W,
Whittington,WHN,A,A134/B1112 Rbt,75,52 33.900N 000 31.643E,
Whiteadder Reservoir,WHR,A,E end of B6355 Causeway,95,55 52.164N 002 34.035W,
Whitstable,WHT,C,Station,289,51 21.458N 001 02.011E,
Whitchurch Shropshire West,WHW,C,A539/A525,223,52 57.823N 002 47.735W,
Whickham,WIC,C,A692/A6076,105,54 55.333N 001 40.564W,
Wingham,WIG,C,Church Spire,276,51 16.329N 001 12.789E,
Wick West,WIK,A,Watten crossroads,70,58 28.281N 003 18.073W,
Wimbleball,WIM,C,Reservoir Causeway,351,51 04.539N 003 27.708W,
Wincanton,WIN,C,Grandstand S side,371,51 03.943N 002 24.846W,
Wisbech,WIS,A,A1101/River Bridge,7,52 40.034N 000 09.571E,
Wilton West,WIW,A,A30/River,305,51 04.768N 001 56.023W,
Warkworth Bridge,WKB,A,A1068 bridge/ River Coquet,32,55 20.972N 001 36.578W,
Wickwar,WKW,C,Roundabout,275,51 35.345N 002 23.891W,
West Lomond Hill,WLD,C,Trig point,1713,56 14.730N 003 17.811W,
Willersley,WLL,B,A438/A4111,223,52 07.340N 003 00.052W,
Wells,WLS,B,Cathedral Tower,151,51 12.616N 002 38.590W,
Waternish Point,WLT,A,Lighthouse,33,57 36.464N 006 38.048W,
Worlingworth,WLW,D,T junction,197,52 15.654N 001 15.638E,
Woolley Down,WLY,C,A338 T junction,459,51 31.369N 001 25.508W,
Wormingford East,WME,C,Reservoir,125,51 57.360N 000 52.617E,
Wormelow,WML,C#,Y-Junction,387,51 58.127N 002 44.444W,
Wormingford West,WMW,C,Y-junction,220,51 56.771N 000 42.843E,
Welshpool NE,WNE,A,River/rail Br,215,52 40.317N 003 06.912W,
Wantage Northwest,WNW,A,Rail/A417,249,51 36.766N 001 29.305W,
Weston Finish Point,WO2,A##,M40 J9 with A34/A41,225,51 52.136N 001 11.929W,
Woburn Abbey,WOB,B,Lake/Y Junct,348,51 59.002N 000 35.977W,
Worcester Racecourse,WOC,C,Grandstand SW,167,52 11.775N 002 13.999W,
Woodall Services,WOD,A,M1 services,410,53 18.915N 001 16.940W,
Woore,WOE,D,A51/A525(S),253,52 58.633N 002 24.177W,
Weston-on-the-green,WOG,D##!,Grass Airfield,282,51 52.829N 001 13.189W,129.980
Wooler East,WOL,C,Most N mast,66,55 31.907N 001 50.084W,
Woburn,WOM,A#,M1 J13/A5140,305,52 01.589N 000 36.237W,
Walton on Naze Pier,WON,B,Pier entrance,20,51 50.799N 001 16.279E,
Wooler,WOO,C,A697/B6348,59,55 32.862N 002 00.721W,
Worcester,WOR,A,M5 J6 /A449,157,52 12.759N 002 09.508W,
Wragby,WRA,C,A157/A158,79,53 17.251N 000 18.085W,
Workington,WRK,B,Bridge,30,54 38.950N 003 33.427W,
Wormingford,WRM,C#,Hangar,236,51 56.646N 000 48.197E,129.980
Wroughton,WRO,A,R/W Intersection,643,51 30.402N 001 48.106W,
Winslow,WSL,A,Rail Bridge/A413,381,51 56.908N 000 53.162W,
Wattisham,WSM,D##,R/W 23 Mid Point,284,52 07.646N 000 57.356E,125.800
Waterbeach N,WTB,B#,Roundabout,15,52 17.849N 000 10.963E,
Worthing,WTH,B,A24/A27,62,50 50.331N 000 23.588W,
Worthen,WTM,D,B4386 Crossroads,338,52 38.163N 002 59.672W,
Watlington,WTN,B,B480/B4009 east,360,51 38.598N 001 00.384W,
Wast Water E,WWE,B,Bridge,246,54 27.409N 003 15.870W,
Wast Water W,WWW,C,River Bridge,190,54 25.297N 003 20.697W,
Wylye,WYL,A,A303/Rail Bridge,367,51 08.298N 001 59.997W,
Wymondham,WYM,C,Church Tower,148,52 34.210N 001 06.444E,
Yate,YAT,A,M4 J18/A46,600,51 30.106N 002 21.020W,
Yeovil Reservoir,YEO,C,Road Causeway N end,213,50 54.039N 002 38.700W,
Yetholm,YET,A,River Bridge,331,55 32.761N 002 16.930W,
York East,YOE,A,Roundabout,33,53 57.414N 001 00.719W,
York,YOR,B,Minster Central Tower,260,53 57.728N 001 04.918W,
Yeovilton,YTN,C##,Control Tower,75,51 00.639N 002 38.467W,127.350
Yattendon,YTT,C,Road br over M4,395,51 27.553N 001 12.231W,
